platform,sceneid,productid,acqdate,tileid
Sentinel 2,S2B_MSIL1C_20190808T075619_N0208_R035_T39VUC_20190808T101602,ab246412-171e-4b2e-a804-a8c26f9dd636,2019-08-08 00:00:00,T39VUC
Sentinel 2,S2B_MSIL1C_20190808T075619_N0208_R035_T39UUB_20190808T101602,6e3690e3-55bd-4998-b7c8-94a8d3bdbfbc,2019-08-08 00:00:00,T39UUB
Sentinel 2,S2B_MSIL1C_20190808T075619_N0208_R035_T39VVC_20190808T101602,928c0657-23be-4b52-a2ab-6c280171c956,2019-08-08 00:00:00,T39VVC
Sentinel 2,S2B_MSIL1C_20190726T074619_N0208_R135_T39UUB_20190726T095038,898653fb-a47c-4d3a-99ae-41d86a2a4141,2019-07-26 00:00:00,T39UUB
Sentinel 2,S2B_MSIL1C_20190726T074619_N0208_R135_T39UVB_20190726T095038,f02eddf6-f5db-4ea5-b744-878f3f012e38,2019-07-26 00:00:00,T39UVB
Sentinel 2,S2B_MSIL1C_20190726T074619_N0208_R135_T39VVC_20190726T095038,859b797a-55d0-4f9f-88b0-4e64d0d07f98,2019-07-26 00:00:00,T39VVC
Sentinel 2,S2B_MSIL1C_20190726T074619_N0208_R135_T39VUC_20190726T095038,2b274467-d565-4bed-ac10-9a02a8e1a093,2019-07-26 00:00:00,T39VUC
Sentinel 2,S2A_MSIL1C_20190724T075611_N0208_R035_T39VUC_20190724T094704,9db37498-ce23-47ef-8fb8-8fddca6e66e0,2019-07-24 00:00:00,T39VUC
Sentinel 2,S2A_MSIL1C_20190724T075611_N0208_R035_T39VVC_20190724T094704,10db51df-002a-41a5-866a-5fa09fa9ac9e,2019-07-24 00:00:00,T39VVC
Sentinel 2,S2A_MSIL1C_20190724T075611_N0208_R035_T39UUB_20190724T094704,7a287b29-9c36-4365-a30f-c7d98a3a7dde,2019-07-24 00:00:00,T39UUB
Sentinel 2,S2A_MSIL1C_20190724T075611_N0208_R035_T39UVB_20190724T094704,19fad3cc-e4b6-438c-95af-34a88d8bc394,2019-07-24 00:00:00,T39UVB
Sentinel 2,S2B_MSIL1C_20190719T075619_N0208_R035_T39UUB_20190719T100012,1a1ec546-5fe2-44e0-8f8b-728f2ffea984,2019-07-19 00:00:00,T39UUB
Sentinel 2,S2B_MSIL1C_20190716T074619_N0208_R135_T39VVC_20190716T095011,ab8277fe-ca80-4bdf-bb08-e0073f8a073f,2019-07-16 00:00:00,T39VVC
Sentinel 2,S2B_MSIL1C_20190716T074619_N0208_R135_T39UVB_20190716T095011,776ea46f-ebbd-42fb-8bda-b8d6898086b3,2019-07-16 00:00:00,T39UVB
Sentinel 2,S2B_MSIL1C_20190716T074619_N0208_R135_T39VUC_20190716T095011,67179cfd-bdcf-4c65-9071-387f1e5e183c,2019-07-16 00:00:00,T39VUC
Sentinel 2,S2B_MSIL1C_20190716T074619_N0208_R135_T39UUB_20190716T095011,1b57b8c3-2580-40a2-8f44-aa61994eefa5,2019-07-16 00:00:00,T39UUB
Sentinel 2,S2A_MSIL1C_20190714T075611_N0208_R035_T39VUC_20190714T092656,4fa26ac4-597d-48de-bce3-dcd5fce8d7ed,2019-07-14 00:00:00,T39VUC
Sentinel 2,S2A_MSIL1C_20190714T075611_N0208_R035_T39UVB_20190714T092656,1ded2d69-826b-49af-8360-b8a7bce25320,2019-07-14 00:00:00,T39UVB
Sentinel 2,S2A_MSIL1C_20190714T075611_N0208_R035_T39VVC_20190714T092656,9fd9bb6b-fa95-4557-a29a-c65723642615,2019-07-14 00:00:00,T39VVC
Sentinel 2,S2A_MSIL1C_20190711T074621_N0208_R135_T39UVB_20190711T091435,8df66f7f-893d-4a0f-9c59-943420af2cee,2019-07-11 00:00:00,T39UVB
Sentinel 2,S2A_MSIL1C_20190711T074621_N0208_R135_T39VVC_20190711T091435,d7f97d11-49ae-4557-80c4-e9a0ab0ddcdd,2019-07-11 00:00:00,T39VVC
Sentinel 2,S2A_MSIL1C_20190711T074621_N0208_R135_T39UUB_20190711T091435,c230ca9f-fa27-4588-b181-15dbe2b0aca9,2019-07-11 00:00:00,T39UUB
Sentinel 2,S2A_MSIL1C_20190704T075611_N0207_R035_T39VVC_20190704T092324,39c5386f-1051-4b33-9328-a3288ff68c87,2019-07-04 00:00:00,T39VVC
Sentinel 2,S2A_MSIL1C_20190704T075611_N0207_R035_T39UUB_20190704T092324,04c2cb20-a9b0-41ff-afc7-783826c5eca9,2019-07-04 00:00:00,T39UUB
Sentinel 2,S2A_MSIL1C_20190704T075611_N0207_R035_T39VUC_20190704T092324,6271196d-2906-436f-b64a-a12b8e6afd15,2019-07-04 00:00:00,T39VUC
Sentinel 2,S2A_MSIL1C_20190704T075611_N0207_R035_T39UVB_20190704T092324,e5e6bfcd-3791-4289-a872-9c7a89080a9f,2019-07-04 00:00:00,T39UVB
Sentinel 2,S2A_MSIL1C_20190701T074621_N0207_R135_T39UVB_20190701T092039,49e5da0e-7571-408f-96e1-32550bffd42f,2019-07-01 00:00:00,T39UVB
Sentinel 2,S2A_MSIL1C_20190701T074621_N0207_R135_T39VVC_20190701T092039,2dc98cf4-2359-463a-9dcb-13a16cb658b9,2019-07-01 00:00:00,T39VVC
Sentinel 2,S2A_MSIL1C_20190701T074621_N0207_R135_T39UUB_20190701T092039,09c2a73c-f092-43db-8b28-d18d1e2f8d98,2019-07-01 00:00:00,T39UUB
Sentinel 2,S2A_MSIL1C_20190701T074621_N0207_R135_T39VUC_20190701T092039,07686538-1f55-477b-a541-b11a04b5c003,2019-07-01 00:00:00,T39VUC
Sentinel 2,S2B_MSIL1C_20190629T075619_N0207_R035_T39VVC_20190629T095844,74ee2717-7cb7-4ffe-9017-66eb2903fbaa,2019-06-29 00:00:00,T39VVC
Sentinel 2,S2B_MSIL1C_20190629T075619_N0207_R035_T39UVB_20190629T095844,74f3cbc5-4eb4-4438-887a-b51793d77105,2019-06-29 00:00:00,T39UVB
Sentinel 2,S2B_MSIL1C_20190629T075619_N0207_R035_T39UUB_20190629T095844,53be8aae-dbfd-49d7-9ca7-82f03f120ba6,2019-06-29 00:00:00,T39UUB
Sentinel 2,S2B_MSIL1C_20190626T074619_N0207_R135_T39VVC_20190626T095007,845f237d-5557-46a4-91f5-dbb912f56145,2019-06-26 00:00:00,T39VVC
Sentinel 2,S2B_MSIL1C_20190626T074619_N0207_R135_T39UVB_20190626T095007,103a2bf7-8468-4cb4-aa95-6cd4069710d3,2019-06-26 00:00:00,T39UVB
Sentinel 2,S2B_MSIL1C_20190626T074619_N0207_R135_T39UUB_20190626T095007,b62cb1a1-a2d3-40c9-ba29-39f685e22c3a,2019-06-26 00:00:00,T39UUB
Sentinel 2,S2A_MSIL1C_20190621T074621_N0207_R135_T39VUC_20190621T095103,82e2ce9d-a760-48e7-9da5-8478d534e382,2019-06-21 00:00:00,T39VUC
Sentinel 2,S2A_MSIL1C_20190621T074621_N0207_R135_T39UVB_20190621T095103,11cb9941-18bf-49e0-92fe-493d4d512912,2019-06-21 00:00:00,T39UVB
Sentinel 2,S2A_MSIL1C_20190621T074621_N0207_R135_T39VVC_20190621T095103,16d7e854-fccc-4c60-a021-e5535b5d619f,2019-06-21 00:00:00,T39VVC
Sentinel 2,S2A_MSIL1C_20190621T074621_N0207_R135_T39UUB_20190621T095103,481cff76-7fe6-4f9d-a409-369de706e9b3,2019-06-21 00:00:00,T39UUB
Sentinel 2,S2B_MSIL1C_20190619T075619_N0207_R035_T39VVC_20190619T105931,0e1f6ef4-4d24-4742-8574-526ea2aecf32,2019-06-19 00:00:00,T39VVC
Sentinel 2,S2B_MSIL1C_20190619T075619_N0207_R035_T39UVB_20190619T105931,ce5b320c-73b9-4c80-ab91-58acd6d4e985,2019-06-19 00:00:00,T39UVB
Sentinel 2,S2B_MSIL1C_20190619T075619_N0207_R035_T39VUC_20190619T105931,f6d0a5c3-8de1-48cd-bb92-af740b93b3f9,2019-06-19 00:00:00,T39VUC
Sentinel 2,S2B_MSIL1C_20190619T075619_N0207_R035_T39UUB_20190619T105931,02dae137-4f97-4ad8-b0e3-b1e16b3420b7,2019-06-19 00:00:00,T39UUB
Sentinel 2,S2B_MSIL1C_20190616T074619_N0207_R135_T39UUB_20190616T095127,2430239a-fd24-43af-b650-24a72f254291,2019-06-16 00:00:00,T39UUB
Sentinel 2,S2A_MSIL1C_20190611T074611_N0207_R135_T39VVC_20190611T091350,c9f36719-4fee-4c93-acf4-197bf50416b8,2019-06-11 00:00:00,T39VVC
Sentinel 2,S2A_MSIL1C_20190611T074611_N0207_R135_T39VUC_20190611T091350,10eb395d-6bee-4518-8020-3b3cc8da26cc,2019-06-11 00:00:00,T39VUC
Sentinel 2,S2A_MSIL1C_20190611T074611_N0207_R135_T39UVB_20190611T091350,c54c250b-5c26-4442-8bd3-218b4c2bd44e,2019-06-11 00:00:00,T39UVB
Sentinel 2,S2A_MSIL1C_20190611T074611_N0207_R135_T39UUB_20190611T091350,22392dfb-aeed-42ff-ac88-7de112308774,2019-06-11 00:00:00,T39UUB
Sentinel 2,S2B_MSIL1C_20190609T075619_N0207_R035_T39VUC_20190609T101544,10e3b00e-fc05-438e-af30-ddef3fc8b911,2019-06-09 00:00:00,T39VUC
Sentinel 2,S2B_MSIL1C_20190609T075619_N0207_R035_T39UVB_20190609T101544,31da9ac2-035b-4901-b424-fd502a80ac24,2019-06-09 00:00:00,T39UVB
Sentinel 2,S2B_MSIL1C_20190609T075619_N0207_R035_T39UUB_20190609T101544,7da1e3cf-b336-4615-8bb1-9de126d5537b,2019-06-09 00:00:00,T39UUB
Sentinel 2,S2B_MSIL1C_20190609T075619_N0207_R035_T39VVC_20190609T101544,ce109ffd-ab73-4058-a636-42b278504279,2019-06-09 00:00:00,T39VVC
Sentinel 2,S2A_MSIL1C_20190604T075611_N0207_R035_T39VUC_20190604T092408,9ecdbacb-8a9f-46e1-854e-ee1a1032242d,2019-06-04 00:00:00,T39VUC
Sentinel 2,S2A_MSIL1C_20190604T075611_N0207_R035_T39UVB_20190604T092408,99051963-f4e9-4a5b-affe-6e6fb558d3e6,2019-06-04 00:00:00,T39UVB
Sentinel 2,S2A_MSIL1C_20190604T075611_N0207_R035_T39UUB_20190604T092408,7e23a37b-bdae-40ff-8268-fc5aa08472ac,2019-06-04 00:00:00,T39UUB
Sentinel 2,S2A_MSIL1C_20190604T075611_N0207_R035_T39VVC_20190604T092408,b222a198-290a-4680-963a-1ccabea10da7,2019-06-04 00:00:00,T39VVC
Sentinel 2,S2A_MSIL1C_20190601T074611_N0207_R135_T39VVC_20190601T092011,e6850cc9-513b-4338-a5e7-e01e9a6e69d1,2019-06-01 00:00:00,T39VVC
Sentinel 2,S2A_MSIL1C_20190601T074611_N0207_R135_T39UUB_20190601T092011,050d8e09-7867-4c55-8f66-593ccbf26d9e,2019-06-01 00:00:00,T39UUB
Sentinel 2,S2A_MSIL1C_20190601T074611_N0207_R135_T39UVB_20190601T092011,d1eef591-a52f-4e09-9d4a-f6f7fbd4c721,2019-06-01 00:00:00,T39UVB
Sentinel 2,S2B_MSIL1C_20190530T075619_N0207_R035_T39VVC_20190530T100127,02a80747-0fd3-4185-8480-fb4717b0cd64,2019-05-30 00:00:00,T39VVC
Sentinel 2,S2B_MSIL1C_20190530T075619_N0207_R035_T39UUB_20190530T100127,59a9642e-8869-4feb-9540-7e6d187145fd,2019-05-30 00:00:00,T39UUB
Sentinel 2,S2B_MSIL1C_20190530T075619_N0207_R035_T39VUC_20190530T100127,cc3a1f3a-1a4a-427e-a283-59fe38d24b40,2019-05-30 00:00:00,T39VUC
Sentinel 2,S2B_MSIL1C_20190530T075619_N0207_R035_T39UVB_20190530T100127,7ab2352c-5395-4e69-9508-7bb0f1b23dc6,2019-05-30 00:00:00,T39UVB
Sentinel 2,S2A_MSIL1C_20190525T075611_N0207_R035_T39UVB_20190525T091147,ad9ba6cb-c5a5-4049-962d-eca0651dae99,2019-05-25 00:00:00,T39UVB
Sentinel 2,S2A_MSIL1C_20190525T075611_N0207_R035_T39VUC_20190525T091147,ad08d8c9-1acc-4641-95a8-58b15a4b6c7a,2019-05-25 00:00:00,T39VUC
Sentinel 2,S2A_MSIL1C_20190525T075611_N0207_R035_T39UUB_20190525T091147,904dda15-e95d-4580-8777-b15bea75ca63,2019-05-25 00:00:00,T39UUB
Sentinel 2,S2A_MSIL1C_20190522T074621_N0207_R135_T39VVC_20190522T113403,98542da2-32aa-4dc0-be51-7d89f214d0a2,2019-05-22 00:00:00,T39VVC
Sentinel 2,S2A_MSIL1C_20190522T074621_N0207_R135_T39VUC_20190522T113403,3954cb0b-e3f2-4a0d-ac22-d38ebb1c04cb,2019-05-22 00:00:00,T39VUC
Sentinel 2,S2B_MSIL1C_20190520T080019_N0207_R035_T39VUC_20190520T114528,50505221-7408-4f71-ab3d-332fc8547399,2019-05-20 00:00:00,T39VUC
Sentinel 2,S2B_MSIL1C_20190517T074619_N0207_R135_T39VUC_20190517T095129,7832f2f0-2f46-461e-b306-9302e3b143bf,2019-05-17 00:00:00,T39VUC
Sentinel 2,S2B_MSIL1C_20190517T074619_N0207_R135_T39VVC_20190517T095129,877013bc-4e6a-49ca-82b1-47010560de43,2019-05-17 00:00:00,T39VVC
Sentinel 2,S2B_MSIL1C_20190517T074619_N0207_R135_T39UUB_20190517T095129,6f908225-22c9-4334-b061-f7c852552334,2019-05-17 00:00:00,T39UUB
Sentinel 2,S2B_MSIL1C_20190517T074619_N0207_R135_T39UVB_20190517T095129,029bfaae-e944-4812-9af5-3a9a76fc74f4,2019-05-17 00:00:00,T39UVB
Sentinel 2,S2A_MSIL1C_20190512T074621_N0207_R135_T39UUB_20190512T092201,ae40cd3a-4bb3-4149-a764-5ef8e6419f13,2019-05-12 00:00:00,T39UUB
Sentinel 2,S2A_MSIL1C_20190512T074621_N0207_R135_T39VUC_20190512T092201,2721e9c1-9ce1-4f0e-b99e-3217e405647c,2019-05-12 00:00:00,T39VUC
Sentinel 2,S2A_MSIL1C_20190512T074621_N0207_R135_T39UVB_20190512T092201,e7b131e6-295b-448b-9abc-30b5957bf3ac,2019-05-12 00:00:00,T39UVB
Sentinel 2,S2A_MSIL1C_20190512T074621_N0207_R135_T39VVC_20190512T092201,09dda5ae-0110-40a7-9f8b-413cd3a52636,2019-05-12 00:00:00,T39VVC
Sentinel 2,S2B_MSIL1C_20190510T075619_N0207_R035_T39VUC_20190510T101639,0e57cafa-d3d2-437f-96ba-f6b2775fe330,2019-05-10 00:00:00,T39VUC
Sentinel 2,S2B_MSIL1C_20190510T075619_N0207_R035_T39VVC_20190510T101639,fda57b7b-b734-4eb5-9bb1-340285bfe59e,2019-05-10 00:00:00,T39VVC
Sentinel 2,S2B_MSIL1C_20190510T075619_N0207_R035_T39UUB_20190510T101639,cfa02c9d-cb31-4d2b-871c-fe3860ba543e,2019-05-10 00:00:00,T39UUB
Sentinel 2,S2B_MSIL1C_20190510T075619_N0207_R035_T39UVB_20190510T101639,063cd6ba-378e-4300-932e-f92d583bae3f,2019-05-10 00:00:00,T39UVB
Sentinel 2,S2A_MSIL1C_20190505T075611_N0207_R035_T39VVC_20190505T093319,483a7840-e15e-4ff6-a67a-5b3bf4b3a9b6,2019-05-05 00:00:00,T39VVC
Sentinel 2,S2A_MSIL1C_20190505T075611_N0207_R035_T39VUC_20190505T093319,c0d53fb1-bc92-4690-8993-9989bb62a205,2019-05-05 00:00:00,T39VUC
Sentinel 2,S2A_MSIL1C_20190505T075611_N0207_R035_T39UVB_20190505T093319,b594bfd9-629d-4bdd-915b-021870f7ec8a,2019-05-05 00:00:00,T39UVB
Sentinel 2,S2B_MSIL1C_20190427T074619_N0207_R135_T39VUC_20190427T095108,90e238ca-e72b-4826-99ca-5c1f3f525758,2019-04-27 00:00:00,T39VUC
Sentinel 2,S2B_MSIL1C_20190427T074619_N0207_R135_T39UVB_20190427T095108,4f4d809e-2c16-46f6-aaae-4b7090c73894,2019-04-27 00:00:00,T39UVB
Sentinel 2,S2B_MSIL1C_20190427T074619_N0207_R135_T39UUB_20190427T095108,a5a5cc46-496b-4758-b00e-f84ddca4143e,2019-04-27 00:00:00,T39UUB
Sentinel 2,S2B_MSIL1C_20190427T074619_N0207_R135_T39VVC_20190427T095108,5d620643-1136-4a64-9654-d7d0345da84d,2019-04-27 00:00:00,T39VVC
Sentinel 2,S2A_MSIL1C_20190425T075611_N0207_R035_T39UVB_20190425T095958,285ba017-4b73-47b4-8f61-4d7c4dc26b60,2019-04-25 00:00:00,T39UVB
Sentinel 2,S2A_MSIL1C_20190425T075611_N0207_R035_T39VUC_20190425T095958,d8a43752-16d7-40b2-9b89-a748946db55e,2019-04-25 00:00:00,T39VUC
Sentinel 2,S2A_MSIL1C_20190425T075611_N0207_R035_T39UUB_20190425T095958,ef2669f1-b002-4a4f-b234-44a8bf340701,2019-04-25 00:00:00,T39UUB
Sentinel 2,S2A_MSIL1C_20190422T074611_N0207_R135_T39UVB_20190422T095133,978c6b43-5662-475f-8d89-672472652bac,2019-04-22 00:00:00,T39UVB
Sentinel 2,S2A_MSIL1C_20190422T074611_N0207_R135_T39VUC_20190422T095133,99552c07-a4a0-4eff-94e7-9cbbae16c62b,2019-04-22 00:00:00,T39VUC
Sentinel 2,S2A_MSIL1C_20190422T074611_N0207_R135_T39VVC_20190422T095133,125657b0-4541-44ac-a60b-7d7ba9273716,2019-04-22 00:00:00,T39VVC
Sentinel 2,S2A_MSIL1C_20190422T074611_N0207_R135_T39UUB_20190422T095133,a1ca7b1d-3dd3-4cec-9b06-ffae60ac3507,2019-04-22 00:00:00,T39UUB
Sentinel 2,S2B_MSIL1C_20190420T075619_N0207_R035_T39UUB_20190420T100054,734b531a-35df-4d6b-81a2-ddbcb4e5d7fe,2019-04-20 00:00:00,T39UUB
Sentinel 2,S2B_MSIL1C_20190420T075619_N0207_R035_T39VUC_20190420T100054,6c7c0112-ba56-483b-b3fd-9d58fc5a3f14,2019-04-20 00:00:00,T39VUC
Sentinel 2,S2B_MSIL1C_20190420T075619_N0207_R035_T39UVB_20190420T100054,e22cf594-2c30-4828-b076-801f668decc6,2019-04-20 00:00:00,T39UVB
Sentinel 2,S2B_MSIL1C_20190420T075619_N0207_R035_T39VVC_20190420T100054,268980ed-3d99-4592-a99d-cf8e712c0916,2019-04-20 00:00:00,T39VVC
Sentinel 2,S2B_MSIL1C_20190417T074619_N0207_R135_T39VUC_20190417T095054,47840697-4ed7-44b3-b993-3e7825900ccf,2019-04-17 00:00:00,T39VUC
Sentinel 2,S2B_MSIL1C_20190417T074619_N0207_R135_T39UUB_20190417T095054,d77391d6-3e18-49b0-a63d-5a292e00d155,2019-04-17 00:00:00,T39UUB
Sentinel 2,S2B_MSIL1C_20190417T074619_N0207_R135_T39VVC_20190417T095054,728f4e21-2b71-47f8-ac74-53b5a9254a4d,2019-04-17 00:00:00,T39VVC
Sentinel 2,S2B_MSIL1C_20190417T074619_N0207_R135_T39UVB_20190417T095054,e72d29c7-068e-41f2-a735-6b5d2b05fc86,2019-04-17 00:00:00,T39UVB
Sentinel 2,S2A_MSIL1C_20190415T075611_N0207_R035_T39VUC_20190415T092545,92b1aab1-3d59-414c-9bd0-4d38205e90c3,2019-04-15 00:00:00,T39VUC
Sentinel 2,S2A_MSIL1C_20190415T075611_N0207_R035_T39UUB_20190415T092545,75edf2fc-3457-46b8-a50c-d37534d3fb22,2019-04-15 00:00:00,T39UUB
Sentinel 2,S2A_MSIL1C_20190415T075611_N0207_R035_T39UVB_20190415T092545,1f1c0283-7cbf-4f3e-8a24-f4e598714c70,2019-04-15 00:00:00,T39UVB
Sentinel 2,S2A_MSIL1C_20190415T075611_N0207_R035_T39VVC_20190415T092545,47c38606-f757-492b-9dfe-9bf1a5936162,2019-04-15 00:00:00,T39VVC
Sentinel 2,S2A_MSIL1C_20190412T074611_N0207_R135_T39UVB_20190412T092404,0323d97a-8b53-4d70-9e10-e7723b24c787,2019-04-12 00:00:00,T39UVB
Sentinel 2,S2B_MSIL1C_20190410T075619_N0207_R035_T39UVB_20190410T114209,de864cb8-744b-43f5-b2e9-96dcb6ccdbe0,2019-04-10 00:00:00,T39UVB
Sentinel 2,S2B_MSIL1C_20190410T075619_N0207_R035_T39VVC_20190410T114209,22f7e896-8cf4-47f7-aa47-51cac5642e3f,2019-04-10 00:00:00,T39VVC
Sentinel 2,S2A_MSIL1C_20190402T074611_N0207_R135_T39VVC_20190402T092401,160d4dfc-f8e1-4c58-8ecc-b5ae8c5aae5a,2019-04-02 00:00:00,T39VVC
Sentinel 2,S2A_MSIL1C_20190402T074611_N0207_R135_T39VUC_20190402T092401,65009058-2632-40fb-91e1-eac92856db5b,2019-04-02 00:00:00,T39VUC
Sentinel 2,S2B_MSIL1C_20190331T075609_N0207_R035_T39UUB_20190331T101443,bdebce4f-2d1f-408e-b085-54c181605bc2,2019-03-31 00:00:00,T39UUB
Sentinel 2,S2B_MSIL1C_20190331T075609_N0207_R035_T39VUC_20190331T101443,78c1b2a1-8bd5-4166-9db5-add7ea247caf,2019-03-31 00:00:00,T39VUC
Sentinel 2,S2B_MSIL1C_20190331T075609_N0207_R035_T39VVC_20190331T101443,60276224-5e8b-43d4-972d-4a2db0822533,2019-03-31 00:00:00,T39VVC
Sentinel 2,S2A_MSIL1C_20190326T075611_N0207_R035_T39UVB_20190326T115156,34215129-95f9-4fe2-85ed-54658287ef40,2019-03-26 00:00:00,T39UVB
Sentinel 2,S2A_MSIL1C_20190326T075611_N0207_R035_T39VVC_20190326T115156,83caca32-0f83-4d14-8e3e-bf3652fdd37b,2019-03-26 00:00:00,T39VVC
Sentinel 2,S2A_MSIL1C_20190326T075611_N0207_R035_T39VUC_20190326T115156,d660d559-6300-48f9-bd72-8bd4d2d56389,2019-03-26 00:00:00,T39VUC
Sentinel 2,S2B_MSIL1C_20190321T075619_N0207_R035_T39VUC_20190321T101756,6c52932a-51eb-429b-98dc-aab4b6705e4c,2019-03-21 00:00:00,T39VUC
Sentinel 2,S2A_MSIL1C_20190313T074711_N0207_R135_T39VUC_20190313T113024,6dea6888-6948-401a-9bb4-d65c16bcb744,2019-03-13 00:00:00,T39VUC
Sentinel 2,S2A_MSIL1C_20190313T074711_N0207_R135_T39VVC_20190313T113024,53ade814-87f8-41e6-be4e-3d3b9cb30c39,2019-03-13 00:00:00,T39VVC
Sentinel 2,S2A_MSIL1C_20190313T074711_N0207_R135_T39UVB_20190313T113024,8d942346-0ca5-4408-924c-10f641ede1b1,2019-03-13 00:00:00,T39UVB
Sentinel 2,S2A_MSIL1C_20190313T074711_N0207_R135_T39UUB_20190313T113024,d48b204e-9591-4163-bb1e-f318e86ce724,2019-03-13 00:00:00,T39UUB
Sentinel 2,S2A_MSIL1C_20190303T074821_N0207_R135_T39VVC_20190303T094847,3c33fa19-be40-495c-a18d-89862f7fb814,2019-03-03 00:00:00,T39VVC
Sentinel 2,S2A_MSIL1C_20190303T074821_N0207_R135_T39UUB_20190303T094847,0063a2c4-3d9d-4ea4-892c-7a9fcc397866,2019-03-03 00:00:00,T39UUB
Sentinel 2,S2A_MSIL1C_20190303T074821_N0207_R135_T39UVB_20190303T094847,4e40e75f-6083-4c84-bba5-7dd35b9ddf22,2019-03-03 00:00:00,T39UVB
Sentinel 2,S2A_MSIL1C_20190303T074821_N0207_R135_T39VUC_20190303T094847,a538538a-2888-4672-8cc4-c26810b88685,2019-03-03 00:00:00,T39VUC
Sentinel 2,S2B_MSIL1C_20190219T075959_N0207_R035_T39UUB_20190219T101244,d935882a-3af7-45f3-9677-aa061c7723ef,2019-02-19 00:00:00,T39UUB
Sentinel 2,S2B_MSIL1C_20190219T075959_N0207_R035_T39VVC_20190219T101244,1e02a9d5-6af6-4e2a-b524-bc740c191c30,2019-02-19 00:00:00,T39VVC
Sentinel 2,S2B_MSIL1C_20190219T075959_N0207_R035_T39VUC_20190219T101244,93f884c5-cce4-45c6-9037-8595bbbe4f63,2019-02-19 00:00:00,T39VUC
Sentinel 2,S2A_MSIL1C_20190211T075041_N0207_R135_T39UVB_20190211T080803,a31de58c-62b6-4b46-8d19-f53d3e7f0ea5,2019-02-11 00:00:00,T39UVB
Sentinel 2,S2A_MSIL1C_20190204T080121_N0207_R035_T39VVC_20190204T082157,7c239248-08b0-429c-84ff-a20959d6301f,2019-02-04 00:00:00,T39VVC
Sentinel 2,S2B_MSIL1C_20190130T080159_N0207_R035_T39UVB_20190130T082036,026884ff-9f09-42dd-9f43-185cd058400e,2019-01-30 00:00:00,T39UVB
Sentinel 2,S2B_MSIL1C_20190127T075209_N0207_R135_T39UUB_20190127T085343,df1a5891-4555-4f9d-ba31-ce9e695c2b64,2019-01-27 00:00:00,T39UUB
Sentinel 2,S2A_MSIL1C_20190125T080221_N0207_R035_T39VVC_20190125T082029,1a1fc53d-3f09-4eb3-9150-0bbb312d9a1a,2019-01-25 00:00:00,T39VVC
Sentinel 2,S2A_MSIL1C_20190125T080221_N0207_R035_T39VUC_20190125T082029,515387ef-501b-411a-a89e-d8f84f196707,2019-01-25 00:00:00,T39VUC
Sentinel 2,S2A_MSIL1C_20190125T080221_N0207_R035_T39UUB_20190125T082029,9035f2ff-91f7-4454-8cb2-e790f90430d6,2019-01-25 00:00:00,T39UUB
Sentinel 2,S2A_MSIL1C_20190125T080221_N0207_R035_T39UVB_20190125T082029,ff94697e-a4b9-470c-bebe-ca9fefa57abf,2019-01-25 00:00:00,T39UVB
Sentinel 2,S2A_MSIL1C_20190122T075221_N0207_R135_T39UVB_20190122T080816,c938fa92-fb32-4284-82c4-39ea8b5698f3,2019-01-22 00:00:00,T39UVB
Sentinel 2,S2A_MSIL1C_20190122T075221_N0207_R135_T39VVC_20190122T080816,a63b690c-6933-48ab-bac0-22261f7650ff,2019-01-22 00:00:00,T39VVC
Sentinel 2,S2A_MSIL1C_20190122T075221_N0207_R135_T39UUB_20190122T080816,e2466a5c-cb42-4232-a846-fc4902f533bd,2019-01-22 00:00:00,T39UUB
Sentinel 2,S2A_MSIL1C_20190122T075221_N0207_R135_T39VUC_20190122T080816,c3f6d789-0438-4631-85b6-497c66bf3eeb,2019-01-22 00:00:00,T39VUC
Sentinel 2,S2B_MSIL1C_20190120T080239_N0207_R035_T39VVC_20190120T090436,1f456865-f09a-4888-aee6-1dc2cd4a6395,2019-01-20 00:00:00,T39VVC
Sentinel 2,S2B_MSIL1C_20190120T080239_N0207_R035_T39UVB_20190120T090436,11aca0a1-798e-460a-9cac-b771e6873b36,2019-01-20 00:00:00,T39UVB
Sentinel 2,S2A_MSIL1C_20190112T075301_N0207_R135_T39VVC_20190112T080823,f2d68def-54e3-4728-b7e2-20bd2aa3456c,2019-01-12 00:00:00,T39VVC
Sentinel 2,S2B_MSIL1C_20190110T080309_N0207_R035_T39UVB_20190110T082226,aff2e822-1a47-4752-8039-de53db3120b1,2019-01-10 00:00:00,T39UVB
Sentinel 2,S2B_MSIL1C_20190110T080309_N0207_R035_T39VUC_20190110T082226,8f2418d5-a1e8-4cb1-ac07-f47cd67c4daf,2019-01-10 00:00:00,T39VUC
Sentinel 2,S2B_MSIL1C_20190110T080309_N0207_R035_T39VVC_20190110T082226,5d8040c9-538b-4c0c-97d9-af53aa176861,2019-01-10 00:00:00,T39VVC
Sentinel 2,S2B_MSIL1C_20190107T075319_N0207_R135_T39VVC_20190107T080744,d839856c-79fd-477d-a88c-edef02499bdf,2019-01-07 00:00:00,T39VVC
Sentinel 2,S2B_MSIL1C_20190107T075319_N0207_R135_T39VUC_20190107T080744,ac03a7ed-d616-4ad0-89c7-fe7e154e26bb,2019-01-07 00:00:00,T39VUC
Sentinel 2,S2B_MSIL1C_20190107T075319_N0207_R135_T39UVB_20190107T080744,5fb325b2-e873-4d67-afad-39cfc3daa942,2019-01-07 00:00:00,T39UVB
Sentinel 2,S2B_MSIL1C_20190107T075319_N0207_R135_T39UUB_20190107T080744,a481121c-79ee-4407-9754-77e1a7ac81bc,2019-01-07 00:00:00,T39UUB
Sentinel 2,S2B_MSIL1C_20181218T075329_N0207_R135_T39VVC_20181218T080729,c138081f-a445-4b7a-aef2-8de2b59238aa,2018-12-18 00:00:00,T39VVC
Sentinel 2,S2B_MSIL1C_20181218T075329_N0207_R135_T39VUC_20181218T080729,756bdab4-8ccb-4e94-9a74-4d318beea4f7,2018-12-18 00:00:00,T39VUC
Sentinel 2,S2B_MSIL1C_20181218T075329_N0207_R135_T39UVB_20181218T080729,003e2955-c15b-42fe-bf25-e6a97f1bc812,2018-12-18 00:00:00,T39UVB
Sentinel 2,S2A_MSIL1C_20181216T080331_N0207_R035_T39UVB_20181216T082154,eb3b8b3e-0e1a-4af8-8fac-e80686963879,2018-12-16 00:00:00,T39UVB
Sentinel 2,S2B_MSIL1C_20181201T080259_N0207_R035_T39UUB_20181201T082113,17be81f7-76bf-41d9-8a6d-c3703162fabf,2018-12-01 00:00:00,T39UUB
Sentinel 2,S2B_MSIL1C_20181201T080259_N0207_R035_T39VVC_20181201T082113,9c5de699-cb0c-4760-8ac0-4b55b9daccd1,2018-12-01 00:00:00,T39VVC
Sentinel 2,S2B_MSIL1C_20181201T080259_N0207_R035_T39VUC_20181201T082113,6860c621-75a5-4e23-bbfd-2ead9579d1bc,2018-12-01 00:00:00,T39VUC
Sentinel 2,S2B_MSIL1C_20181201T080259_N0207_R035_T39UVB_20181201T082113,e60a1ca0-a243-47ae-954b-351a5d5ae719,2018-12-01 00:00:00,T39UVB
Sentinel 2,S2B_MSIL1C_20181128T075249_N0207_R135_T39VVC_20181128T085659,ec279606-d5cf-4de4-b298-d334d43a11d9,2018-11-28 00:00:00,T39VVC
Sentinel 2,S2B_MSIL1C_20181128T075249_N0207_R135_T39VUC_20181128T085659,f01c507b-8c65-4a45-af9a-5618399ceaba,2018-11-28 00:00:00,T39VUC
Sentinel 2,S2A_MSIL1C_20181123T075231_N0207_R135_T39VVC_20181123T094242,edf96e43-c078-47df-b4f0-d99c140806a8,2018-11-23 00:00:00,T39VVC
Sentinel 2,S2A_MSIL1C_20181123T075231_N0207_R135_T39VUC_20181123T094242,1f9d062e-6159-4ab3-91f7-d1967151ed60,2018-11-23 00:00:00,T39VUC
Sentinel 2,S2A_MSIL1C_20181123T075231_N0207_R135_T39UUB_20181123T094242,f09e0a84-8011-406e-b526-fa0643f0d870,2018-11-23 00:00:00,T39UUB
Sentinel 2,S2A_MSIL1C_20181116T080201_N0207_R035_T39UVB_20181116T082208,15d2b81c-eace-4e2d-87e0-0aedef564f39,2018-11-16 00:00:00,T39UVB
Sentinel 2,S2A_MSIL1C_20181113T075151_N0207_R135_T39VVC_20181113T080749,8d8a5041-3bd5-484a-9a1f-f1505508e99c,2018-11-13 00:00:00,T39VVC
Sentinel 2,S2A_MSIL1C_20181113T075151_N0207_R135_T39VUC_20181113T080749,29c1dda7-2f1d-403c-bec9-7805caeef2ca,2018-11-13 00:00:00,T39VUC
Sentinel 2,S2A_MSIL1C_20181113T075151_N0207_R135_T39UVB_20181113T080749,384e2bff-c6c0-45d1-a83d-7594c6c9b3e3,2018-11-13 00:00:00,T39UVB
Sentinel 2,S2A_MSIL1C_20181113T075151_N0207_R135_T39UUB_20181113T080749,f7e67a6d-0a9a-40ad-bc71-84ca6c11c075,2018-11-13 00:00:00,T39UUB
Sentinel 2,S2B_MSIL1C_20181111T080149_N0207_R035_T39VVC_20181111T084835,98fbe69e-1d05-4a42-9b7a-129a7a84b146,2018-11-11 00:00:00,T39VVC
Sentinel 2,S2B_MSIL1C_20181111T080149_N0207_R035_T39UUB_20181111T084835,0b9a184e-4e89-4740-bcb6-2f40df8d97fe,2018-11-11 00:00:00,T39UUB
Sentinel 2,S2B_MSIL1C_20181111T080149_N0207_R035_T39VUC_20181111T084835,ceccda21-a789-4173-a55d-12306a6c6814,2018-11-11 00:00:00,T39VUC
Sentinel 2,S2B_MSIL1C_20181111T080149_N0207_R035_T39UVB_20181111T084835,75fe3642-f034-461b-883d-092eece40d3c,2018-11-11 00:00:00,T39UVB
Sentinel 2,S2A_MSIL1C_20181103T075101_N0206_R135_T39VUC_20181103T080828,ff5fb383-d9db-4ba7-84f3-95957cd70853,2018-11-03 00:00:00,T39VUC
Sentinel 2,S2A_MSIL1C_20181103T075101_N0206_R135_T39UUB_20181103T080828,d2588356-1a90-4a2b-b54d-05a2b15524ca,2018-11-03 00:00:00,T39UUB
Sentinel 2,S2B_MSIL1C_20181101T080049_N0206_R035_T39UUB_20181101T091537,5c657121-4139-456e-b183-de94523c9d59,2018-11-01 00:00:00,T39UUB
Sentinel 2,S2B_MSIL1C_20181101T080049_N0206_R035_T39VVC_20181101T091537,f1cd50af-cefa-46f6-8787-fde9a851f85b,2018-11-01 00:00:00,T39VVC
Sentinel 2,S2B_MSIL1C_20181101T080049_N0206_R035_T39UVB_20181101T091537,6e9f7c13-da24-414b-a0d9-d3ae6b7a1145,2018-11-01 00:00:00,T39UVB
Sentinel 2,S2B_MSIL1C_20181029T075029_N0206_R135_T39VUC_20181029T100654,9f4ff8d9-2759-4e91-868d-39cba9ac7ccf,2018-10-29 00:00:00,T39VUC
Sentinel 2,S2B_MSIL1C_20181029T075029_N0206_R135_T39UUB_20181029T100654,3b462def-7eea-4ac0-8b45-e8cb21e94da4,2018-10-29 00:00:00,T39UUB
Sentinel 2,S2A_MSIL1C_20181027T080021_N0206_R035_T39VVC_20181027T082159,132388cf-0f25-4e60-a5c6-5824c702d5b8,2018-10-27 00:00:00,T39VVC
Sentinel 2,S2A_MSIL1C_20181027T080021_N0206_R035_T39VUC_20181027T082159,9ec15993-8225-4a1c-84ec-79e6602bf0af,2018-10-27 00:00:00,T39VUC
Sentinel 2,S2A_MSIL1C_20181027T080021_N0206_R035_T39UUB_20181027T082159,a5e324d1-de05-4901-a3c4-7915161857a6,2018-10-27 00:00:00,T39UUB
Sentinel 2,S2A_MSIL1C_20181027T080021_N0206_R035_T39UVB_20181027T082159,d6ab3cea-e8b7-4020-8a73-de7f51593130,2018-10-27 00:00:00,T39UVB
Sentinel 2,S2A_MSIL1C_20181024T075001_N0206_R135_T39VUC_20181024T100514,2e132cb1-db77-435e-8bc6-bf45a0316648,2018-10-24 00:00:00,T39VUC
Sentinel 2,S2A_MSIL1C_20181024T075001_N0206_R135_T39UUB_20181024T100514,0eb9a8a9-41f5-4d6f-bf3a-97d390d0411b,2018-10-24 00:00:00,T39UUB
Sentinel 2,S2B_MSIL1C_20181022T075949_N0206_R035_T39VUC_20181022T100947,88311338-096c-4725-bf6f-b1b46622d28e,2018-10-22 00:00:00,T39VUC
Sentinel 2,S2B_MSIL1C_20181019T074929_N0206_R135_T39VVC_20181019T095929,5a9a80a9-17e6-4ef7-8c57-1254ed14e5ae,2018-10-19 00:00:00,T39VVC
Sentinel 2,S2B_MSIL1C_20181019T074929_N0206_R135_T39VUC_20181019T095929,76aafefe-b446-4730-b85e-e3f513df0096,2018-10-19 00:00:00,T39VUC
Sentinel 2,S2B_MSIL1C_20181019T074929_N0206_R135_T39UVB_20181019T095929,2fe354eb-617d-41c3-9798-ac55623304f3,2018-10-19 00:00:00,T39UVB
Sentinel 2,S2B_MSIL1C_20181019T074929_N0206_R135_T39UUB_20181019T095929,bb5eeff3-8c63-4b08-8e0d-faf8e09fde59,2018-10-19 00:00:00,T39UUB
Sentinel 2,S2A_MSIL1C_20181017T075921_N0206_R035_T39VUC_20181017T082134,0441bb61-e5bd-426b-8bf2-8c4e1721e940,2018-10-17 00:00:00,T39VUC
Sentinel 2,S2A_MSIL1C_20181017T075921_N0206_R035_T39UUB_20181017T082134,a0dd795b-e41f-4fa0-8ca3-fc1270521488,2018-10-17 00:00:00,T39UUB
Sentinel 2,S2A_MSIL1C_20181017T075921_N0206_R035_T39VVC_20181017T082134,534839d3-49b0-4f56-af19-d6db0e66c578,2018-10-17 00:00:00,T39VVC
Sentinel 2,S2A_MSIL1C_20181014T074851_N0206_R135_T39VUC_20181014T092336,2c680dc1-43f6-4e17-ac06-adeb78c57adc,2018-10-14 00:00:00,T39VUC
Sentinel 2,S2A_MSIL1C_20181014T074851_N0206_R135_T39UUB_20181014T092336,49bab2da-3bdb-4d98-9067-da65a56880ae,2018-10-14 00:00:00,T39UUB
Sentinel 2,S2A_MSIL1C_20181014T074851_N0206_R135_T39UVB_20181014T092336,b42ef2e5-d799-4184-950d-a6ae204f7728,2018-10-14 00:00:00,T39UVB
Sentinel 2,S2A_MSIL1C_20181014T074851_N0206_R135_T39VVC_20181014T092336,bd8e5725-be13-4d24-a720-b3e2a02c62fd,2018-10-14 00:00:00,T39VVC
Sentinel 2,S2B_MSIL1C_20181012T075839_N0206_R035_T39VVC_20181012T101622,96d68929-766f-490e-ba4a-b69dbd0ec2bf,2018-10-12 00:00:00,T39VVC
Sentinel 2,S2B_MSIL1C_20181012T075839_N0206_R035_T39VUC_20181012T101622,513a900c-df1a-4e12-9e33-ebc35e323494,2018-10-12 00:00:00,T39VUC
Sentinel 2,S2B_MSIL1C_20181012T075839_N0206_R035_T39UVB_20181012T101622,9e0e1e3f-b1e8-40f4-8b08-384e54dbb468,2018-10-12 00:00:00,T39UVB
Sentinel 2,S2B_MSIL1C_20181012T075839_N0206_R035_T39UUB_20181012T101622,104d24ee-2c82-4524-825e-572dc9ba8832,2018-10-12 00:00:00,T39UUB
Sentinel 2,S2B_MSIL1C_20181009T074819_N0206_R135_T39VUC_20181009T095506,18afa004-9f79-4901-94ed-8b81ae3cf85b,2018-10-09 00:00:00,T39VUC
Sentinel 2,S2B_MSIL1C_20181009T074819_N0206_R135_T39UUB_20181009T095506,5808c227-fa44-4ec3-bd9c-b03dc2abc387,2018-10-09 00:00:00,T39UUB
Sentinel 2,S2B_MSIL1C_20181009T074819_N0206_R135_T39UVB_20181009T095506,173a00cb-c4ee-4ecc-9fa7-c85139d3c41e,2018-10-09 00:00:00,T39UVB
Sentinel 2,S2A_MSIL1C_20181004T074741_N0206_R135_T39UUB_20181004T091735,d09e5303-8202-4fbc-a54c-825d0cf7984b,2018-10-04 00:00:00,T39UUB
Sentinel 2,S2A_MSIL1C_20181004T074741_N0206_R135_T39VUC_20181004T091735,c94e62cf-1973-4200-8252-b2cab738dc13,2018-10-04 00:00:00,T39VUC
Sentinel 2,S2B_MSIL1C_20180929T074709_N0206_R135_T39VUC_20180929T100621,882ae5ac-0712-4e57-86ba-66bef932dfbe,2018-09-29 00:00:00,T39VUC
Sentinel 2,S2B_MSIL1C_20180929T074709_N0206_R135_T39UUB_20180929T100621,23d4c97e-783b-4715-b622-a43ec4cab53c,2018-09-29 00:00:00,T39UUB
Sentinel 2,S2A_MSIL1C_20180924T074631_N0206_R135_T39VUC_20180924T101145,0cc638c0-babd-4233-8681-8b223ed122ac,2018-09-24 00:00:00,T39VUC
Sentinel 2,S2A_MSIL1C_20180924T074631_N0206_R135_T39UUB_20180924T101145,c7bc8981-9aad-41ec-93c9-fceb594f7195,2018-09-24 00:00:00,T39UUB
Sentinel 2,S2B_MSIL1C_20180922T075619_N0206_R035_T39UUB_20180922T101642,a2fa8f8d-c0c3-4c62-80d3-09d2bae20419,2018-09-22 00:00:00,T39UUB
Sentinel 2,S2B_MSIL1C_20180919T074609_N0206_R135_T39UUB_20180919T100501,f14bb098-b277-4a6d-9b5a-51f5a27423f6,2018-09-19 00:00:00,T39UUB
Sentinel 2,S2B_MSIL1C_20180919T074609_N0206_R135_T39VUC_20180919T100501,d0779866-0499-414c-98f6-38b7557a445d,2018-09-19 00:00:00,T39VUC
Sentinel 2,S2B_MSIL1C_20180912T075959_N0206_R035_T39VUC_20180912T114717,8d9f6f72-20c4-4e86-8a96-53c7eecfed54,2018-09-12 00:00:00,T39VUC
Sentinel 2,S2B_MSIL1C_20180912T075959_N0206_R035_T39UVB_20180912T114717,90765a9b-4156-421b-bb75-27a8ec7477de,2018-09-12 00:00:00,T39UVB
Sentinel 2,S2B_MSIL1C_20180912T075959_N0206_R035_T39VVC_20180912T114717,952d7d15-df37-4e05-a18d-b7b08f3ef78a,2018-09-12 00:00:00,T39VVC
Sentinel 2,S2B_MSIL1C_20180912T075959_N0206_R035_T39UUB_20180912T114717,69339985-c619-407e-a34f-cfe010520497,2018-09-12 00:00:00,T39UUB
Sentinel 2,S2A_MSIL1C_20180914T074611_N0206_R135_T39VVC_20180914T092559,6e22cf98-7a37-4fd8-b1d4-4d43e797ba7f,2018-09-14 00:00:00,T39VVC
Sentinel 2,S2A_MSIL1C_20180914T074611_N0206_R135_T39VUC_20180914T092559,856c4365-c76c-4a6f-9e99-c089f9644866,2018-09-14 00:00:00,T39VUC
Sentinel 2,S2A_MSIL1C_20180914T074611_N0206_R135_T39UVB_20180914T092559,02367c11-3566-4fe9-9a48-4560285e3b04,2018-09-14 00:00:00,T39UVB
Sentinel 2,S2A_MSIL1C_20180914T074611_N0206_R135_T39UUB_20180914T092559,d72e3499-9210-47cf-81b4-9ca7babef5e0,2018-09-14 00:00:00,T39UUB
Sentinel 2,S2B_MSIL1C_20180909T074559_N0206_R135_T39UUB_20180909T100130,cdac9d5b-eaa5-4b16-82d5-168d5cfa52d8,2018-09-09 00:00:00,T39UUB
Sentinel 2,S2B_MSIL1C_20180909T074559_N0206_R135_T39VUC_20180909T100130,63d0c3ea-0bed-4fac-b29c-4535ff89970c,2018-09-09 00:00:00,T39VUC
Sentinel 2,S2A_MSIL1C_20180907T075611_N0206_R035_T39VUC_20180907T101213,7fa99ac9-49d9-4f5e-befe-4d7634793230,2018-09-07 00:00:00,T39VUC
Sentinel 2,S2A_MSIL1C_20180907T075611_N0206_R035_T39UUB_20180907T101213,d038d600-3409-4c3b-a518-e4cdb04eb425,2018-09-07 00:00:00,T39UUB
Sentinel 2,S2A_MSIL1C_20180907T075611_N0206_R035_T39UVB_20180907T101213,548e9f1e-3f03-4243-9ea1-351dcc57563f,2018-09-07 00:00:00,T39UVB
Sentinel 2,S2A_MSIL1C_20180907T075611_N0206_R035_T39VVC_20180907T101213,c00d4e2b-a2e6-407f-8ec9-d2b271f6d8a4,2018-09-07 00:00:00,T39VVC
Sentinel 2,S2B_MSIL1C_20170716T075009_N0205_R135_T39VVC_20170716T075008,21d4261f-c403-442e-ab46-b51542cfe2c2,2017-07-16 00:00:00,T39VVC
Sentinel 2,S2B_MSIL1C_20170716T075009_N0205_R135_T39VUC_20170716T075008,37d0000e-e6f2-4215-941b-a8027fedc5c3,2017-07-16 00:00:00,T39VUC
Sentinel 2,S2B_MSIL1C_20170716T075009_N0205_R135_T39UVB_20170716T075008,714f68ac-b42e-4adf-830a-926362887797,2017-07-16 00:00:00,T39UVB
Sentinel 2,S2B_MSIL1C_20170716T075009_N0205_R135_T39UUB_20170716T075008,44a29740-e208-4ec5-923b-5c1d798f6498,2017-07-16 00:00:00,T39UUB
Sentinel 2,S2A_MSIL1C_20180904T074611_N0206_R135_T39UVB_20180904T092113,89c1d2f6-49bf-4d87-a03c-bf77971d685b,2018-09-04 00:00:00,T39UVB
Sentinel 2,S2A_MSIL1C_20180904T074611_N0206_R135_T39VUC_20180904T092113,f3e6cd4f-dfa1-41bb-af47-f25ddc080dc7,2018-09-04 00:00:00,T39VUC
Sentinel 2,S2A_MSIL1C_20180904T074611_N0206_R135_T39VVC_20180904T092113,843069fd-20d3-42b0-9a36-f1045a76a0a4,2018-09-04 00:00:00,T39VVC
Sentinel 2,S2A_MSIL1C_20180904T074611_N0206_R135_T39UUB_20180904T092113,5e326151-f0b7-4beb-9e4b-4a5fbc686df0,2018-09-04 00:00:00,T39UUB
Sentinel 2,S2B_MSIL1C_20180902T075559_N0206_R035_T39VUC_20180902T101608,47f4bd5b-3f7a-4d77-bc53-2a6b1216d537,2018-09-02 00:00:00,T39VUC
Sentinel 2,S2B_MSIL1C_20180902T075559_N0206_R035_T39UUB_20180902T101608,703449a7-1a5e-4347-aad1-3e82d1a78422,2018-09-02 00:00:00,T39UUB
Sentinel 2,S2B_MSIL1C_20180830T074559_N0206_R135_T39VVC_20180830T101229,429504e6-2f18-4440-aa48-d7c58e41e872,2018-08-30 00:00:00,T39VVC
Sentinel 2,S2B_MSIL1C_20180830T074559_N0206_R135_T39VUC_20180830T101229,3b716e5b-833d-4c19-a273-1d33140caa4c,2018-08-30 00:00:00,T39VUC
Sentinel 2,S2B_MSIL1C_20180830T074559_N0206_R135_T39UVB_20180830T101229,b9cb7978-5f06-4af7-8fe7-85ddff132c68,2018-08-30 00:00:00,T39UVB
Sentinel 2,S2B_MSIL1C_20180830T074559_N0206_R135_T39UUB_20180830T101229,84a1f40d-5d74-4ad5-84b1-d43393ee36cb,2018-08-30 00:00:00,T39UUB
Sentinel 2,S2A_MSIL1C_20180828T075611_N0206_R035_T39UUB_20180828T093110,df4b4899-0df8-4a3d-9df6-90a540fec44d,2018-08-28 00:00:00,T39UUB
Sentinel 2,S2A_MSIL1C_20180828T075611_N0206_R035_T39VUC_20180828T093110,2309380e-fd90-4248-98dd-77ddff3a042e,2018-08-28 00:00:00,T39VUC
Sentinel 2,S2A_MSIL1C_20180828T075611_N0206_R035_T39VVC_20180828T093110,6baa53fd-7ebe-4e8c-90c6-773fd78641e8,2018-08-28 00:00:00,T39VVC
Sentinel 2,S2A_MSIL1C_20180828T075611_N0206_R035_T39UVB_20180828T093110,0a5da1b4-9198-4ed3-a23e-f44a54700f05,2018-08-28 00:00:00,T39UVB
Sentinel 2,S2A_MSIL1C_20180825T074611_N0206_R135_T39UUB_20180825T092721,ba8f3079-176b-4ab7-8f1f-256dc6a47871,2018-08-25 00:00:00,T39UUB
Sentinel 2,S2A_MSIL1C_20180825T074611_N0206_R135_T39VUC_20180825T092721,4351cfd6-71a0-4ae7-a850-bde1147d7d0d,2018-08-25 00:00:00,T39VUC
Sentinel 2,S2B_MSIL1C_20180823T075559_N0206_R035_T39VVC_20180823T101843,f541e7e5-6123-4808-8204-531103ac5a19,2018-08-23 00:00:00,T39VVC
Sentinel 2,S2B_MSIL1C_20180823T075559_N0206_R035_T39VUC_20180823T101843,df650f78-b434-4179-9af6-9a23f8e0f7be,2018-08-23 00:00:00,T39VUC
Sentinel 2,S2B_MSIL1C_20180823T075559_N0206_R035_T39UVB_20180823T101843,80b2930e-d79f-4402-993d-0c9563b94c46,2018-08-23 00:00:00,T39UVB
Sentinel 2,S2B_MSIL1C_20180823T075559_N0206_R035_T39UUB_20180823T101843,88c1f0f1-912a-426b-bc0c-c5d35ade0393,2018-08-23 00:00:00,T39UUB
Sentinel 2,S2B_MSIL1C_20180820T074609_N0206_R135_T39VVC_20180820T100938,1ba4b420-15c4-421e-8403-af62d213e3dc,2018-08-20 00:00:00,T39VVC
Sentinel 2,S2B_MSIL1C_20180820T074609_N0206_R135_T39VUC_20180820T100938,e5eca0ed-22b9-4a61-a5c7-3b9ffaeefc65,2018-08-20 00:00:00,T39VUC
Sentinel 2,S2B_MSIL1C_20180820T074609_N0206_R135_T39UVB_20180820T100938,08b16ee9-bbbd-4d5d-a7a0-d34aa842f5f7,2018-08-20 00:00:00,T39UVB
Sentinel 2,S2B_MSIL1C_20180820T074609_N0206_R135_T39UUB_20180820T100938,9d9bcb3b-33c1-44e9-ab09-76e0071f61f5,2018-08-20 00:00:00,T39UUB
Sentinel 2,S2A_MSIL1C_20180818T075611_N0206_R035_T39UUB_20180818T092129,5b3ddddd-6bc6-4d31-a651-d0f28cb2a099,2018-08-18 00:00:00,T39UUB
Sentinel 2,S2A_MSIL1C_20180818T075611_N0206_R035_T39UVB_20180818T092129,8f29f05d-fca5-4656-a8a7-7df1f97278b2,2018-08-18 00:00:00,T39UVB
Sentinel 2,S2A_MSIL1C_20180818T075611_N0206_R035_T39VVC_20180818T092129,eac83e03-3384-432d-89f5-0e68ddea9ac6,2018-08-18 00:00:00,T39VVC
Sentinel 2,S2A_MSIL1C_20180818T075611_N0206_R035_T39VUC_20180818T092129,1921f91b-5cbc-4949-9e92-a8043238b98a,2018-08-18 00:00:00,T39VUC
Sentinel 2,S2A_MSIL1C_20180815T074721_N0206_R135_T39VVC_20180816T153416,e0ed0b15-d282-48e8-8c66-5bbe0e61f01f,2018-08-15 00:00:00,T39VVC
Sentinel 2,S2A_MSIL1C_20180815T074721_N0206_R135_T39VUC_20180816T153416,e9b8c0a1-8aa6-47c7-a6b7-5d7412f3a1ea,2018-08-15 00:00:00,T39VUC
Sentinel 2,S2A_MSIL1C_20180815T074721_N0206_R135_T39UUB_20180816T153416,577b9f95-3f12-4248-8e18-864d1ca9ade0,2018-08-15 00:00:00,T39UUB
Sentinel 2,S2A_MSIL1C_20180815T074721_N0206_R135_T39UVB_20180816T153416,acf0c9e8-35b4-4efb-b5d5-4a46b9697f3d,2018-08-15 00:00:00,T39UVB
Sentinel 2,S2B_MSIL1C_20180813T075609_N0206_R035_T39UVB_20180813T121256,0431ce55-7ad9-4f4b-94e3-a943f0e69b15,2018-08-13 00:00:00,T39UVB
Sentinel 2,S2B_MSIL1C_20180813T075609_N0206_R035_T39VVC_20180813T101633,8e3ffc89-b351-4d7f-84ce-d2c1b6d46ea6,2018-08-13 00:00:00,T39VVC
Sentinel 2,S2B_MSIL1C_20180813T075609_N0206_R035_T39UUB_20180813T101633,6ae8db38-1064-4068-ad9e-0e7dcfa8a95b,2018-08-13 00:00:00,T39UUB
Sentinel 2,S2B_MSIL1C_20180813T075609_N0206_R035_T39UVB_20180813T101633,0056cc48-161a-40bf-96cc-2e38a4785869,2018-08-13 00:00:00,T39UVB
Sentinel 2,S2B_MSIL1C_20180810T074609_N0206_R135_T39VVC_20180810T101945,ac719db8-439c-40dd-8b1b-29dcec8d99e5,2018-08-10 00:00:00,T39VVC
Sentinel 2,S2B_MSIL1C_20180810T074609_N0206_R135_T39VUC_20180810T101945,ba2952f2-c1ff-4986-a1d1-99982bffea10,2018-08-10 00:00:00,T39VUC
Sentinel 2,S2B_MSIL1C_20180810T074609_N0206_R135_T39UVB_20180810T101945,f1a59e71-ce62-422f-8c79-f006327c79a6,2018-08-10 00:00:00,T39UVB
Sentinel 2,S2B_MSIL1C_20180810T074609_N0206_R135_T39UUB_20180810T101945,f2a137e2-67af-4fbf-9a9b-0a5e26062876,2018-08-10 00:00:00,T39UUB
Sentinel 2,S2A_MSIL1C_20180805T074611_N0206_R135_T39VUC_20180805T091511,d1bff643-26ea-414b-b61c-1c85791f91ba,2018-08-05 00:00:00,T39VUC
Sentinel 2,S2A_MSIL1C_20180805T074611_N0206_R135_T39UUB_20180805T091511,6c54c4ef-412d-4125-b5e1-48badd04228e,2018-08-05 00:00:00,T39UUB
Sentinel 2,S2B_MSIL1C_20180803T075609_N0206_R035_T39VUC_20180803T101555,3e2e269b-c9e3-40ce-a70e-5fdb0049060f,2018-08-03 00:00:00,T39VUC
Sentinel 2,S2B_MSIL1C_20180803T075609_N0206_R035_T39VVC_20180803T101555,ed2bf7cf-fbdb-43cf-8d92-5183a839a49a,2018-08-03 00:00:00,T39VVC
Sentinel 2,S2B_MSIL1C_20180803T075609_N0206_R035_T39UVB_20180803T101555,ca0b2f33-d437-43dd-a9b9-b2e665776f9f,2018-08-03 00:00:00,T39UVB
Sentinel 2,S2B_MSIL1C_20180803T075609_N0206_R035_T39UUB_20180803T101555,dd8c6ae0-5819-438d-82f3-91ebdf2d2bd8,2018-08-03 00:00:00,T39UUB
Sentinel 2,S2B_MSIL1C_20180731T074609_N0206_R135_T39VVC_20180731T100545,006d852b-0206-4329-8bde-ff0be6051875,2018-07-31 00:00:00,T39VVC
Sentinel 2,S2B_MSIL1C_20180731T074609_N0206_R135_T39VUC_20180731T100545,5e7c9af3-56c6-497c-8fdd-6ed45f8ee37b,2018-07-31 00:00:00,T39VUC
Sentinel 2,S2B_MSIL1C_20180731T074609_N0206_R135_T39UVB_20180731T100545,17c16430-d634-47d6-9744-92699b119789,2018-07-31 00:00:00,T39UVB
Sentinel 2,S2B_MSIL1C_20180731T074609_N0206_R135_T39UUB_20180731T100545,ba3205ff-8316-46e9-80e6-2080eb07b6a3,2018-07-31 00:00:00,T39UUB
Sentinel 2,S2A_MSIL1C_20180729T075611_N0206_R035_T39UUB_20180729T092130,45ad3237-2cc4-4b3e-b6a3-fba0487d48b7,2018-07-29 00:00:00,T39UUB
Sentinel 2,S2A_MSIL1C_20180726T074611_N0206_R135_T39VVC_20180726T091254,d01b1ed1-4215-453a-818f-d3e3be9696ee,2018-07-26 00:00:00,T39VVC
Sentinel 2,S2A_MSIL1C_20180726T074611_N0206_R135_T39UVB_20180726T091254,b742c534-e0d6-4221-8971-91f47cf4e729,2018-07-26 00:00:00,T39UVB
Sentinel 2,S2A_MSIL1C_20180726T074611_N0206_R135_T39UUB_20180726T091254,f3654d61-7df7-4db7-9f86-cef455388d88,2018-07-26 00:00:00,T39UUB
Sentinel 2,S2A_MSIL1C_20180726T074611_N0206_R135_T39VUC_20180726T091254,b5013150-fede-459e-a3f7-8f1ae705d8bd,2018-07-26 00:00:00,T39VUC
Sentinel 2,S2B_MSIL1C_20180724T075609_N0206_R035_T39UUB_20180724T100634,1844e805-0328-46a8-934e-c59514354eed,2018-07-24 00:00:00,T39UUB
Sentinel 2,S2B_MSIL1C_20180721T074609_N0206_R135_T39VUC_20180721T100639,c46e398f-96cf-41b3-906b-3bf0a9979cc3,2018-07-21 00:00:00,T39VUC
Sentinel 2,S2B_MSIL1C_20180721T074609_N0206_R135_T39UUB_20180721T100639,b960973c-c5ea-4b48-bb94-4b44893a99c2,2018-07-21 00:00:00,T39UUB
Sentinel 2,S2A_MSIL1C_20180719T075611_N0206_R035_T39UVB_20180719T090620,297384fc-9be3-4da3-af0d-5250edcec4e6,2018-07-19 00:00:00,T39UVB
Sentinel 2,S2A_MSIL1C_20180716T074611_N0206_R135_T39VVC_20180716T091929,85c6119d-e24d-4306-a614-7b4d56d0cf68,2018-07-18 00:00:00,T39VVC
Sentinel 2,S2A_MSIL1C_20180716T074611_N0206_R135_T39VUC_20180716T091929,e8c9fe34-21ac-4987-bf50-7bb640482e2b,2018-07-18 00:00:00,T39VUC
Sentinel 2,S2A_MSIL1C_20180716T074611_N0206_R135_T39UVB_20180716T091929,afe227ef-4bc5-49e1-8be0-4857d818182f,2018-07-18 00:00:00,T39UVB
Sentinel 2,S2A_MSIL1C_20180716T074611_N0206_R135_T39UUB_20180716T091929,74ebbdb4-46f4-44a0-9372-af393baf1faf,2018-07-18 00:00:00,T39UUB
Sentinel 2,S2B_MSIL1C_20180714T075609_N0206_R035_T39UVB_20180714T101554,323390bf-bd3c-4701-8f99-5e271688168d,2018-07-15 00:00:00,T39UVB
Sentinel 2,S2B_MSIL1C_20180714T075609_N0206_R035_T39UUB_20180714T101554,4d5462c7-838c-418d-b81c-25fc1477b003,2018-07-15 00:00:00,T39UUB
Sentinel 2,S2B_MSIL1C_20180714T075609_N0206_R035_T39VUC_20180714T101554,f32a8b19-3a8d-4538-ab68-21b7962d8cf8,2018-07-15 00:00:00,T39VUC
Sentinel 2,S2B_MSIL1C_20180714T075609_N0206_R035_T39VVC_20180714T101554,4c712bd7-b73a-4d02-99ca-6ff8a4b672ee,2018-07-15 00:00:00,T39VVC
Sentinel 2,S2B_MSIL1C_20180711T074609_N0206_R135_T39UUB_20180711T095408,248d4eb6-f018-4432-a790-3324177744f1,2018-07-11 00:00:00,T39UUB
Sentinel 2,S2B_MSIL1C_20180711T074609_N0206_R135_T39VUC_20180711T095408,5a374cda-eb67-4341-b54b-4b0045e8c05f,2018-07-11 00:00:00,T39VUC
Sentinel 2,S2A_MSIL1C_20180709T075611_N0206_R035_T39VVC_20180709T100339,98a3bbea-851d-4837-ad03-6fef3f4a7254,2018-07-09 00:00:00,T39VVC
Sentinel 2,S2A_MSIL1C_20180709T075611_N0206_R035_T39VUC_20180709T100339,9ffaf5d7-55d2-4b70-9bfc-dfa6de5b1009,2018-07-09 00:00:00,T39VUC
Sentinel 2,S2A_MSIL1C_20180706T074611_N0206_R135_T39UUB_20180706T091932,0a5c1d9d-a4e3-4edf-9744-5e158b6d285d,2018-07-06 00:00:00,T39UUB
Sentinel 2,S2A_MSIL1C_20180706T074611_N0206_R135_T39VVC_20180706T091932,9a9102b5-2b18-4ca5-86b5-9c5ca356c6a9,2018-07-06 00:00:00,T39VVC
Sentinel 2,S2A_MSIL1C_20180706T074611_N0206_R135_T39VUC_20180706T091932,71701bae-d9d0-4052-b515-e364eb890b85,2018-07-06 00:00:00,T39VUC
Sentinel 2,S2A_MSIL1C_20180706T074611_N0206_R135_T39UVB_20180706T091932,c8c39290-0865-4d6a-a601-48e37b4a6e66,2018-07-06 00:00:00,T39UVB
Sentinel 2,S2B_MSIL1C_20180704T080009_N0206_R035_T39UVB_20180704T100833,6ff01714-2d5a-4227-90fc-e15d36f045d6,2018-07-05 00:00:00,T39UVB
Sentinel 2,S2B_MSIL1C_20180704T080009_N0206_R035_T39VUC_20180704T100833,a2ea3e7a-80bd-4c2a-a095-14e227ce36e1,2018-07-05 00:00:00,T39VUC
Sentinel 2,S2B_MSIL1C_20180704T080009_N0206_R035_T39UUB_20180704T100833,28094598-2234-4012-8201-8ac26a93e9a5,2018-07-05 00:00:00,T39UUB
Sentinel 2,S2B_MSIL1C_20180701T074609_N0206_R135_T39UUB_20180701T100320,d646e5ce-27f5-4350-bd99-ee1abda451c2,2018-07-01 00:00:00,T39UUB
Sentinel 2,S2B_MSIL1C_20180701T074609_N0206_R135_T39VUC_20180701T100320,daf80746-5790-4668-bc9c-54629948b0e0,2018-07-01 00:00:00,T39VUC
Sentinel 2,S2B_MSIL1C_20180701T074609_N0206_R135_T39VVC_20180701T100320,fc032374-24be-460f-8e29-432544d77cd6,2018-07-01 00:00:00,T39VVC
Sentinel 2,S2B_MSIL1C_20180701T074609_N0206_R135_T39UVB_20180701T100320,c1491ba8-cfa9-40fa-88e5-b8d019fa73af,2018-07-01 00:00:00,T39UVB
Sentinel 2,S2A_MSIL1C_20180629T075611_N0206_R035_T39UUB_20180629T101546,992e57f0-654f-4fd6-a2ed-1be6c8beddbe,2018-07-01 00:00:00,T39UUB
Sentinel 2,S2A_MSIL1C_20180629T075611_N0206_R035_T39UVB_20180629T101546,0217c527-8b3f-4610-8992-0d3ef4a232c7,2018-07-01 00:00:00,T39UVB
Sentinel 2,S2A_MSIL1C_20180629T075611_N0206_R035_T39VVC_20180629T101546,7bf73c8d-10b7-4d5a-b925-fa3ae50f57aa,2018-07-01 00:00:00,T39VVC
Sentinel 2,S2A_MSIL1C_20180629T075611_N0206_R035_T39VUC_20180629T101546,1779a706-c242-4eb2-b5e4-079e5eadef58,2018-07-01 00:00:00,T39VUC
Sentinel 2,S2A_MSIL1C_20180626T074731_N0206_R135_T39VVC_20180626T091138,005235d2-e31f-49e7-acf6-c0dc2f4f9230,2018-06-27 00:00:00,T39VVC
Sentinel 2,S2A_MSIL1C_20180626T074731_N0206_R135_T39VUC_20180626T091138,487dadb8-15c1-4301-b138-845738a239f3,2018-06-27 00:00:00,T39VUC
Sentinel 2,S2A_MSIL1C_20180626T074731_N0206_R135_T39UVB_20180626T091138,819d7344-b8f9-479d-aedd-e4e2aa26f744,2018-06-26 00:00:00,T39UVB
Sentinel 2,S2A_MSIL1C_20180626T074731_N0206_R135_T39UUB_20180626T091138,78c240d9-e640-4706-b277-a68ab2cce63e,2018-06-26 00:00:00,T39UUB
Sentinel 2,S2B_MSIL1C_20180624T075609_N0206_R035_T39VVC_20180624T100412,bd61c395-fa6a-4749-80b9-634633eb33e1,2018-06-24 00:00:00,T39VVC
Sentinel 2,S2B_MSIL1C_20180624T075609_N0206_R035_T39UUB_20180624T100412,5276ba6b-ae76-4dd7-ac7b-d62224afd892,2018-06-24 00:00:00,T39UUB
Sentinel 2,S2B_MSIL1C_20180624T075609_N0206_R035_T39UVB_20180624T100412,3544a096-8df9-4fdc-81a0-88daa7fdbad3,2018-06-24 00:00:00,T39UVB
Sentinel 2,S2B_MSIL1C_20180624T075609_N0206_R035_T39VUC_20180624T100412,91b59888-4c8b-4630-98e2-66b7496a856a,2018-06-24 00:00:00,T39VUC
Sentinel 2,S2B_MSIL1C_20180621T074609_N0206_R135_T39VVC_20180621T100437,867ffcc9-eee8-4e3f-8ad4-3afea5e6f9e3,2018-06-21 00:00:00,T39VVC
Sentinel 2,S2B_MSIL1C_20180621T074609_N0206_R135_T39VUC_20180621T100437,37edd103-00f3-44bd-8453-b6ec2842973f,2018-06-21 00:00:00,T39VUC
Sentinel 2,S2B_MSIL1C_20180621T074609_N0206_R135_T39UVB_20180621T100437,d0b75fc9-f68d-4066-a1ea-ccf4657899ad,2018-06-21 00:00:00,T39UVB
Sentinel 2,S2B_MSIL1C_20180621T074609_N0206_R135_T39UUB_20180621T100437,acca5378-ac62-423a-b576-e71e6e320427,2018-06-21 00:00:00,T39UUB
Sentinel 2,S2A_MSIL1C_20180619T075611_N0206_R035_T39VUC_20180619T092232,4a84926f-27a5-438d-b4bf-bd93abb6e18f,2018-06-19 00:00:00,T39VUC
Sentinel 2,S2A_MSIL1C_20180619T075611_N0206_R035_T39UUB_20180619T092232,6837b651-f107-483a-9ec9-136c6ab7c6c3,2018-06-19 00:00:00,T39UUB
Sentinel 2,S2A_MSIL1C_20180619T075611_N0206_R035_T39VVC_20180619T092232,78d67510-e6ac-4ca7-acdd-383f74d3bf14,2018-06-19 00:00:00,T39VVC
Sentinel 2,S2A_MSIL1C_20180619T075611_N0206_R035_T39UVB_20180619T092232,a096bf47-45ab-437b-baf2-bef6434d703f,2018-06-19 00:00:00,T39UVB
Sentinel 2,S2A_MSIL1C_20180616T074611_N0206_R135_T39VUC_20180616T092032,69e6f2c1-e0aa-4bdb-afc6-f7125441b8fc,2018-06-16 00:00:00,T39VUC
Sentinel 2,S2A_MSIL1C_20180616T074611_N0206_R135_T39VVC_20180616T092032,8c3b3600-5594-434a-9ed5-e165e56fa3d9,2018-06-16 00:00:00,T39VVC
Sentinel 2,S2A_MSIL1C_20180616T074611_N0206_R135_T39UVB_20180616T092032,4ff934fc-f380-434b-83a8-a60be4999243,2018-06-16 00:00:00,T39UVB
Sentinel 2,S2A_MSIL1C_20180616T074611_N0206_R135_T39UUB_20180616T092032,68d878f8-a7e8-4c1a-88da-bbdfc72152aa,2018-06-16 00:00:00,T39UUB
Sentinel 2,S2B_MSIL1C_20180611T074609_N0206_R135_T39VVC_20180611T113316,67775f84-454f-4021-a5d5-cab277dc9b16,2018-06-11 00:00:00,T39VVC
Sentinel 2,S2B_MSIL1C_20180611T074609_N0206_R135_T39UUB_20180611T113316,936aaa94-d7df-406e-b651-640649f011f7,2018-06-11 00:00:00,T39UUB
Sentinel 2,S2B_MSIL1C_20180611T074609_N0206_R135_T39VUC_20180611T113316,84a8162c-d130-484f-a031-59da50cc9cea,2018-06-11 00:00:00,T39VUC
Sentinel 2,S2A_MSIL1C_20180606T075011_N0206_R135_T39UUB_20180606T113447,88381db4-6212-43fd-843c-e3036b28fcde,2018-06-06 00:00:00,T39UUB
Sentinel 2,S2A_MSIL1C_20180530T075611_N0206_R035_T39VUC_20180530T100105,384ac5ca-2ccb-4cd3-9d15-8ae39cfcffdf,2018-05-30 00:00:00,T39VUC
Sentinel 2,S2A_MSIL1C_20180530T075611_N0206_R035_T39UVB_20180530T100105,91fcce30-2b25-41a2-b129-0133ed178121,2018-05-30 00:00:00,T39UVB
Sentinel 2,S2A_MSIL1C_20180530T075611_N0206_R035_T39UUB_20180530T100105,3d795902-327d-41fc-a382-347869053d89,2018-05-30 00:00:00,T39UUB
Sentinel 2,S2A_MSIL1C_20180527T074731_N0206_R135_T39UVB_20180527T095021,8b01a05f-552a-415b-9d66-8ebc44cec28e,2018-05-27 00:00:00,T39UVB
Sentinel 2,S2A_MSIL1C_20180527T074731_N0206_R135_T39UUB_20180527T095021,f39d908d-48a5-4194-96da-0a69c4ef3860,2018-05-27 00:00:00,T39UUB
Sentinel 2,S2A_MSIL1C_20180527T074731_N0206_R135_T39VUC_20180527T095021,7f3795e2-83ea-4fd6-a18f-0ec9aa542902,2018-05-27 00:00:00,T39VUC
Sentinel 2,S2A_MSIL1C_20180527T074731_N0206_R135_T39VVC_20180527T095021,e79ae767-67bf-40a6-a397-be4844845110,2018-05-27 00:00:00,T39VVC
Sentinel 2,S2B_MSIL1C_20180522T074719_N0206_R135_T39VVC_20180522T100631,8e33544a-4c4f-48c3-9566-c7742b40cc6c,2018-05-23 00:00:00,T39VVC
Sentinel 2,S2B_MSIL1C_20180522T074719_N0206_R135_T39UVB_20180522T100631,3b91e162-233b-4886-b360-05edd5868a9d,2018-05-23 00:00:00,T39UVB
Sentinel 2,S2B_MSIL1C_20180522T074719_N0206_R135_T39VUC_20180522T100631,dba3d466-d413-429a-8a4d-4bb0a76da6f0,2018-05-23 00:00:00,T39VUC
Sentinel 2,S2B_MSIL1C_20180522T074719_N0206_R135_T39UUB_20180522T100631,c5a8f4ad-f3da-446c-a9e7-88d6baf8885d,2018-05-23 00:00:00,T39UUB
Sentinel 2,S2A_MSIL1C_20180517T074611_N0206_R135_T39VVC_20180517T091941,c9438bb7-ab45-474c-a649-ef967e59c96e,2018-05-17 00:00:00,T39VVC
Sentinel 2,S2A_MSIL1C_20180517T074611_N0206_R135_T39VUC_20180517T091941,7dbda842-9339-4111-9289-612dd09ad18f,2018-05-17 00:00:00,T39VUC
Sentinel 2,S2A_MSIL1C_20180517T074611_N0206_R135_T39UVB_20180517T091941,0b099860-d9c3-4cc1-9560-2adf5f07bd6c,2018-05-17 00:00:00,T39UVB
Sentinel 2,S2A_MSIL1C_20180517T074611_N0206_R135_T39UUB_20180517T091941,510ac201-0f5b-4b22-b42c-24a5a9f719a9,2018-05-17 00:00:00,T39UUB
Sentinel 2,S2B_MSIL1C_20180515T075609_N0206_R035_T39VVC_20180515T091621,e456488f-4852-4ac1-b6a2-f6a1d1850517,2018-05-15 00:00:00,T39VVC
Sentinel 2,S2B_MSIL1C_20180515T075609_N0206_R035_T39UUB_20180515T091621,febd0bff-452a-4abb-a13b-c3186a145aba,2018-05-15 00:00:00,T39UUB
Sentinel 2,S2B_MSIL1C_20180515T075609_N0206_R035_T39VUC_20180515T091621,002b16a0-4a80-4ecb-8f8f-ae6755327ce0,2018-05-15 00:00:00,T39VUC
Sentinel 2,S2B_MSIL1C_20180515T075609_N0206_R035_T39UVB_20180515T091621,c4ec2642-8bed-4c66-8033-c0b4837917a3,2018-05-15 00:00:00,T39UVB
Sentinel 2,S2B_MSIL1C_20180512T074729_N0206_R135_T39VVC_20180512T113937,3949abe2-424c-479d-aec2-fac6c0e7c51a,2018-05-12 00:00:00,T39VVC
Sentinel 2,S2B_MSIL1C_20180512T074729_N0206_R135_T39VUC_20180512T113937,f6bace8b-ee65-4d42-a866-ef8e2bb3b86a,2018-05-12 00:00:00,T39VUC
Sentinel 2,S2B_MSIL1C_20180512T074729_N0206_R135_T39UVB_20180512T113937,ac6de60a-65a2-48d9-965d-281f7efa1a81,2018-05-12 00:00:00,T39UVB
Sentinel 2,S2B_MSIL1C_20180512T074729_N0206_R135_T39UUB_20180512T113937,5b7611f0-f017-457e-b555-fe90a154e55b,2018-05-12 00:00:00,T39UUB
Sentinel 2,S2A_MSIL1C_20180510T075611_N0206_R035_T39UVB_20180510T100202,80c98290-67d5-47ab-a575-7823eb2c322f,2018-05-10 00:00:00,T39UVB
Sentinel 2,S2A_MSIL1C_20180510T075611_N0206_R035_T39VVC_20180510T100202,e09909df-92c8-4664-bc29-6cc449ee4625,2018-05-10 00:00:00,T39VVC
Sentinel 2,S2A_MSIL1C_20180510T075611_N0206_R035_T39UUB_20180510T100202,932f4895-a607-4651-ba2b-bea16926ab1a,2018-05-10 00:00:00,T39UUB
Sentinel 2,S2A_MSIL1C_20180510T075611_N0206_R035_T39VUC_20180510T100202,59cc32b4-29d9-43e8-9f04-89ae87c48be4,2018-05-10 00:00:00,T39VUC
Sentinel 2,S2B_MSIL1C_20180505T075609_N0206_R035_T39UUB_20180505T100844,ffa3953b-7a04-4623-a335-30bccfd89abd,2018-05-08 00:00:00,T39UUB
Sentinel 2,S2B_MSIL1C_20180505T075609_N0206_R035_T39VUC_20180505T100844,21138a03-44e8-49f2-a653-1e5931c77d87,2018-05-08 00:00:00,T39VUC
Sentinel 2,S2B_MSIL1C_20180505T075609_N0206_R035_T39VVC_20180505T100844,4d9de69f-255e-49b9-99b9-0e37c9da30f1,2018-05-08 00:00:00,T39VVC
Sentinel 2,S2B_MSIL1C_20180505T075609_N0206_R035_T39UVB_20180505T100844,ea72a95d-ad7b-4c0f-b48b-1b1ec3161d44,2018-05-08 00:00:00,T39UVB
Sentinel 2,S2A_MSIL1C_20180507T074611_N0206_R135_T39UVB_20180507T095308,4f375c13-466c-4adb-af5f-c2c560c15366,2018-05-07 00:00:00,T39UVB
Sentinel 2,S2A_MSIL1C_20180507T074611_N0206_R135_T39UUB_20180507T095308,948ee41a-c137-42ff-a85f-00be3e591a3e,2018-05-07 00:00:00,T39UUB
Sentinel 2,S2B_MSIL1C_20180425T075719_N0206_R035_T39VVC_20180425T114536,fbfd74e1-a613-414d-846c-16a7516ad478,2018-04-25 00:00:00,T39VVC
Sentinel 2,S2B_MSIL1C_20180425T075719_N0206_R035_T39UVB_20180425T114536,6b8dcd3b-27f2-47ea-b505-cbc749bd931e,2018-04-25 00:00:00,T39UVB
Sentinel 2,S2B_MSIL1C_20180425T075719_N0206_R035_T39UUB_20180425T114536,3d9b549b-1ae2-4c06-b062-e5822b61b918,2018-04-25 00:00:00,T39UUB
Sentinel 2,S2B_MSIL1C_20180425T075719_N0206_R035_T39VUC_20180425T114536,b50e4a8a-9344-49cb-acdf-687e6ed577a7,2018-04-25 00:00:00,T39VUC
Sentinel 2,S2A_MSIL1C_20180420T075611_N0206_R035_T39UUB_20180420T092046,2baa72dd-b9b4-4501-a4f5-f8b93dc2d980,2018-04-20 00:00:00,T39UUB
Sentinel 2,S2A_MSIL1C_20180420T075611_N0206_R035_T39VVC_20180420T092046,dccfe680-00ea-4dcd-98a0-19d7eb193198,2018-04-20 00:00:00,T39VVC
Sentinel 2,S2A_MSIL1C_20180420T075611_N0206_R035_T39VUC_20180420T092046,90bbf04c-fc05-43ff-8e32-8c02fe72e2f9,2018-04-20 00:00:00,T39VUC
Sentinel 2,S2A_MSIL1C_20180417T074611_N0206_R135_T39VVC_20180417T100509,bc53e3d7-8591-4783-a191-905b1c201775,2018-04-18 00:00:00,T39VVC
Sentinel 2,S2A_MSIL1C_20180417T074611_N0206_R135_T39UVB_20180417T100509,5818f24a-d3d8-4e7f-81fa-3cb46d08d7fd,2018-04-18 00:00:00,T39UVB
Sentinel 2,S2A_MSIL1C_20180417T074611_N0206_R135_T39UUB_20180417T100509,2406e4b2-4e2f-4b40-8feb-38c87da9062b,2018-04-18 00:00:00,T39UUB
Sentinel 2,S2B_MSIL1C_20180412T074609_N0206_R135_T39VUC_20180412T103746,5e786a0f-4e6c-4f77-a430-22b122793d7f,2018-04-16 00:00:00,T39VUC
Sentinel 2,S2B_MSIL1C_20180415T075609_N0206_R035_T39UVB_20180415T084746,b6317f41-7316-4527-8f68-e3a70d4bfb5c,2018-04-15 00:00:00,T39UVB
Sentinel 2,S2B_MSIL1C_20180415T075609_N0206_R035_T39VVC_20180415T084746,67a5abfe-b95b-467b-aa20-35df711afa93,2018-04-15 00:00:00,T39VVC
Sentinel 2,S2B_MSIL1C_20180415T075609_N0206_R035_T39VUC_20180415T084746,62256ca0-460b-41e2-97ba-1548e1659f42,2018-04-15 00:00:00,T39VUC
Sentinel 2,S2B_MSIL1C_20180415T075609_N0206_R035_T39UUB_20180415T084746,b31d00a0-0be3-4ce0-9b59-4431ee7bd710,2018-04-15 00:00:00,T39UUB
Sentinel 2,S2A_MSIL1C_20180410T075721_N0206_R035_T39UUB_20180411T145714,366c3bc3-decc-4fed-8a91-c716f7392188,2018-04-12 00:00:00,T39UUB
Sentinel 2,S2B_MSIL1C_20180405T075609_N0206_R035_T39VUC_20180407T044258,2c3839eb-0936-4e64-adfa-4ce81a7bf738,2018-04-07 00:00:00,T39VUC
Sentinel 2,S2A_MSIL1C_20180331T075611_N0206_R035_T39VUC_20180331T105738,e6c60a49-53c6-4277-9223-81c90dea22ca,2018-03-31 00:00:00,T39VUC
Sentinel 2,S2B_MSIL1C_20180313T074709_N0206_R135_T39VVC_20180313T100017,e9818a73-32ee-4dd5-8c63-98d28957bd45,2018-03-13 00:00:00,T39VVC
Sentinel 2,S2A_MSIL1C_20180311T075731_N0206_R035_T39VUC_20180311T101707,ed8b6f5b-3326-4d85-895e-7b0a0a4de2ed,2018-03-11 00:00:00,T39VUC
Sentinel 2,S2A_MSIL1C_20180311T075731_N0206_R035_T39VVC_20180311T101707,b6f9dad8-1c02-4b1a-b832-91a57e042b0f,2018-03-11 00:00:00,T39VVC
Sentinel 2,S2A_MSIL1C_20180311T075731_N0206_R035_T39UUB_20180311T101707,9334fb7b-dc24-4a51-9908-9a0ee5cce30d,2018-03-11 00:00:00,T39UUB
Sentinel 2,S2A_MSIL1C_20180311T075731_N0206_R035_T39UVB_20180311T101707,2bc9045e-efda-446c-8791-69a494ce1a77,2018-03-11 00:00:00,T39UVB
Sentinel 2,S2A_MSIL1C_20180308T074751_N0206_R135_T39UVB_20180308T100408,bc75590a-d6b5-4d64-8bf9-34bbd231d6d6,2018-03-08 00:00:00,T39UVB
Sentinel 2,S2A_MSIL1C_20180308T074751_N0206_R135_T39VVC_20180308T100408,0d212dd0-89eb-4515-9898-2e665095bf3f,2018-03-08 00:00:00,T39VVC
Sentinel 2,S2A_MSIL1C_20180308T074751_N0206_R135_T39VUC_20180308T100408,fa08ff74-1496-41a7-914d-b6d3f08c0be1,2018-03-08 00:00:00,T39VUC
Sentinel 2,S2A_MSIL1C_20180308T074751_N0206_R135_T39UUB_20180308T100408,cb340f74-9fa9-47c0-9b58-2f54a711c129,2018-03-08 00:00:00,T39UUB
Sentinel 2,S2A_MSIL1C_20180301T075841_N0206_R035_T39VVC_20180301T082102,d7c189c5-6c41-4d52-8358-90d7f3512d96,2018-03-01 00:00:00,T39VVC
Sentinel 2,S2A_MSIL1C_20180301T075841_N0206_R035_T39UVB_20180301T082102,17a3cebd-aa60-4255-a2fc-0ea44abc7847,2018-03-01 00:00:00,T39UVB
Sentinel 2,S2A_MSIL1C_20180301T075841_N0206_R035_T39VUC_20180301T082102,0f651afd-7904-4c60-88ca-efa29750c0b7,2018-03-01 00:00:00,T39VUC
Sentinel 2,S2A_MSIL1C_20180301T075841_N0206_R035_T39UUB_20180301T082102,99483237-457f-4fdb-b5e9-68a3ad2726d6,2018-03-01 00:00:00,T39UUB
Sentinel 2,S2A_MSIL1C_20180226T074901_N0206_R135_T39UVB_20180226T095107,c6f9b09c-ce61-4119-a437-c59fe7342315,2018-02-26 00:00:00,T39UVB
Sentinel 2,S2A_MSIL1C_20180226T074901_N0206_R135_T39VVC_20180226T095107,b6436cd8-4dad-42d6-8d3b-cdf6a365cf6f,2018-02-26 00:00:00,T39VVC
Sentinel 2,S2A_MSIL1C_20180226T074901_N0206_R135_T39UUB_20180226T095107,c8607466-775c-47ed-a6a6-4f8f40cb735b,2018-02-26 00:00:00,T39UUB
Sentinel 2,S2A_MSIL1C_20180226T074901_N0206_R135_T39VUC_20180226T095107,36ed325f-4968-483b-9204-e453da5a0fd9,2018-02-26 00:00:00,T39VUC
Sentinel 2,S2B_MSIL1C_20180224T075909_N0206_R035_T39UUB_20180224T114717,2dd4eaad-f43d-48f7-95e9-a3a26069617e,2018-02-24 00:00:00,T39UUB
Sentinel 2,S2B_MSIL1C_20180224T075909_N0206_R035_T39UVB_20180224T114717,21edb7ed-884c-4bcc-b443-13368c5b0934,2018-02-24 00:00:00,T39UVB
Sentinel 2,S2B_MSIL1C_20180224T075909_N0206_R035_T39VVC_20180224T114717,13598467-697d-4798-9592-25ea63c88a7a,2018-02-24 00:00:00,T39VVC
Sentinel 2,S2B_MSIL1C_20180224T075909_N0206_R035_T39VUC_20180224T114717,afcb982a-2524-412c-b44a-ac5759e5407d,2018-02-24 00:00:00,T39VUC
Sentinel 2,S2B_MSIL1C_20180221T074929_N0206_R135_T39VVC_20180221T113219,dc946a87-d748-42f9-9905-bbadd10c1903,2018-02-21 00:00:00,T39VVC
Sentinel 2,S2B_MSIL1C_20180221T074929_N0206_R135_T39VUC_20180221T113219,ee27b2e6-35e6-437d-9f0c-234193e2f2ee,2018-02-21 00:00:00,T39VUC
Sentinel 2,S2B_MSIL1C_20180221T074929_N0206_R135_T39UVB_20180221T113219,3c254904-7648-4c75-beca-c099ab1913fe,2018-02-21 00:00:00,T39UVB
Sentinel 2,S2B_MSIL1C_20180221T074929_N0206_R135_T39UUB_20180221T113219,b915e2bc-82db-4b07-9f40-5ad77ef7a067,2018-02-21 00:00:00,T39UUB
Sentinel 2,S2A_MSIL1C_20180216T075011_N0206_R135_T39VVC_20180216T113704,37569f97-eda8-4ed5-abab-8373a40e79f9,2018-02-16 00:00:00,T39VVC
Sentinel 2,S2A_MSIL1C_20180216T075011_N0206_R135_T39VUC_20180216T113704,e68cb2a3-927e-4658-b58e-cd61fb788831,2018-02-16 00:00:00,T39VUC
Sentinel 2,S2A_MSIL1C_20180216T075011_N0206_R135_T39UVB_20180216T113704,5a961665-c14f-4fd1-aaa7-ce9591f8332e,2018-02-16 00:00:00,T39UVB
Sentinel 2,S2A_MSIL1C_20180216T075011_N0206_R135_T39UUB_20180216T113704,ada2e2ea-7420-4cd5-b693-feac1e0b1568,2018-02-16 00:00:00,T39UUB
Sentinel 2,S2B_MSIL1C_20180214T080019_N0206_R035_T39UUB_20180214T095526,94675191-f412-4aed-a43a-c608c311b95c,2018-02-15 00:00:00,T39UUB
Sentinel 2,S2B_MSIL1C_20180214T080019_N0206_R035_T39VUC_20180214T095526,eb409aef-be3e-402d-a745-ea4263b1bea9,2018-02-15 00:00:00,T39VUC
Sentinel 2,S2B_MSIL1C_20180214T080019_N0206_R035_T39VVC_20180214T095526,4369f878-2a74-4381-8dbc-ba8a4c5aa74e,2018-02-15 00:00:00,T39VVC
Sentinel 2,S2B_MSIL1C_20180214T080019_N0206_R035_T39UVB_20180214T095526,15d6f715-385d-42bc-82b3-331cc7cdb5ec,2018-02-15 00:00:00,T39UVB
Sentinel 2,S2A_MSIL1C_20180209T080051_N0206_R035_T39UVB_20180209T100905,bf005099-6456-4229-818c-4ae95a444cca,2018-02-12 00:00:00,T39UVB
Sentinel 2,S2B_MSIL1C_20180211T075039_N0206_R135_T39UUB_20180211T094947,3cd85761-8dd8-4372-b664-cfabe7d83dd2,2018-02-11 00:00:00,T39UUB
Sentinel 2,S2B_MSIL1C_20180211T075039_N0206_R135_T39VUC_20180211T094947,28076d73-1b70-42a5-8a08-66cb7e868b5c,2018-02-11 00:00:00,T39VUC
Sentinel 2,S2B_MSIL1C_20180211T075039_N0206_R135_T39UVB_20180211T094947,8071c4ff-6ec6-4e61-9d51-79a0efb57c54,2018-02-11 00:00:00,T39UVB
Sentinel 2,S2B_MSIL1C_20180211T075039_N0206_R135_T39VVC_20180211T094947,ec30799e-eb1c-4fec-839f-63bcbbf4cfb4,2018-02-11 00:00:00,T39VVC
Sentinel 2,S2A_MSIL1C_20180120T080231_N0206_R035_T39UUB_20180120T102546,1ab3cc0b-55b2-4fef-8e3e-ac60f27abdaf,2018-01-20 00:00:00,T39UUB
Sentinel 2,S2A_MSIL1C_20180120T080231_N0206_R035_T39UVB_20180120T102546,6b55ef69-3a20-4b79-b81f-892ab9ce24a7,2018-01-20 00:00:00,T39UVB
Sentinel 2,S2A_MSIL1C_20180120T080231_N0206_R035_T39VUC_20180120T102546,0b353ce8-cb32-403a-aa84-04ecd2ef9b54,2018-01-20 00:00:00,T39VUC
Sentinel 2,S2A_MSIL1C_20180120T080231_N0206_R035_T39VVC_20180120T102546,a99484fa-cb87-41f7-b6fe-7370a3736c99,2018-01-20 00:00:00,T39VVC
Sentinel 2,S2B_MSIL1C_20180112T075259_N0206_R135_T39VVC_20180112T094738,aa1e2562-28e6-4b4a-af47-8a4bf490fe8b,2018-01-12 00:00:00,T39VVC
Sentinel 2,S2B_MSIL1C_20180112T075259_N0206_R135_T39VUC_20180112T094738,99fbca0f-b0c2-4b0d-9ad7-21e5ae49a79c,2018-01-12 00:00:00,T39VUC
Sentinel 2,S2B_MSIL1C_20180112T075259_N0206_R135_T39UVB_20180112T094738,43c1bb06-569e-4125-9a98-a2327f3506d9,2018-01-12 00:00:00,T39UVB
Sentinel 2,S2B_MSIL1C_20180112T075259_N0206_R135_T39UUB_20180112T094738,dc3591bc-1d26-469d-80ff-a49b70b16afe,2018-01-12 00:00:00,T39UUB
Sentinel 2,S2B_MSIL1C_20180105T080319_N0206_R035_T39VVC_20180105T082403,ec0336c8-828e-4a78-bd08-037f3dcf23aa,2018-01-05 00:00:00,T39VVC
Sentinel 2,S2B_MSIL1C_20180105T080319_N0206_R035_T39UVB_20180105T082403,ae2eee2c-a95a-4bda-b23d-12745426f132,2018-01-05 00:00:00,T39UVB
Sentinel 2,S2B_MSIL1C_20171226T080329_N0206_R035_T39VVC_20171226T095934,115a0cd6-ee8c-491c-b0b8-9d7158110651,2017-12-26 00:00:00,T39VVC
Sentinel 2,S2B_MSIL1C_20171226T080329_N0206_R035_T39UVB_20171226T095934,198bcb6c-cc3f-4bec-8aa2-cbe85b7a3a7b,2017-12-26 00:00:00,T39UVB
Sentinel 2,S2B_MSIL1C_20171226T080329_N0206_R035_T39UUB_20171226T095934,fbb4ed91-3464-489b-8872-d22597db708b,2017-12-26 00:00:00,T39UUB
Sentinel 2,S2A_MSIL1C_20171121T080231_N0206_R035_T39UVB_20171121T095638,d880990a-32fc-4678-af3a-3d4cef75ffdc,2017-11-21 00:00:00,T39UVB
Sentinel 2,S2B_MSIL1C_20171116T080159_N0206_R035_T39UVB_20171116T095720,2a243957-d35a-4822-9fbf-d3adea492fd0,2017-11-16 00:00:00,T39UVB
Sentinel 2,S2B_MSIL1C_20171027T080009_N0206_R035_T39UUB_20171027T102414,3ccc963e-b309-4d12-9eb6-38f0773044d5,2017-10-27 00:00:00,T39UUB
Sentinel 2,S2B_MSIL1C_20171027T080009_N0206_R035_T39VVC_20171027T102414,4d06e2ed-b035-4ec5-856f-793e6c468ffd,2017-10-27 00:00:00,T39VVC
Sentinel 2,S2B_MSIL1C_20171027T080009_N0206_R035_T39VUC_20171027T102414,f439eb39-3b1e-45a4-a7b9-9bb0e31ee3ee,2017-10-27 00:00:00,T39VUC
Sentinel 2,S2A_MSIL1C_20171022T075951_N0205_R035_T39UVB_20171022T075952,ce7684fc-fbaa-4236-8d76-6cb57141ef96,2017-10-25 00:00:00,T39UVB
Sentinel 2,S2B_MSIL1C_20171024T074959_N0206_R135_T39VUC_20171024T101603,7813ef1d-7dc4-4d2f-9fb6-6ad998be5f24,2017-10-24 00:00:00,T39VUC
Sentinel 2,S2B_MSIL1C_20171024T074959_N0206_R135_T39VVC_20171024T101603,ec9eac91-64e4-4912-bc7b-8bf89e79b508,2017-10-24 00:00:00,T39VVC
Sentinel 2,S2A_MSIL1C_20171019T074941_N0205_R135_T39VVC_20171019T075118,65ae567f-fe15-4dda-a77a-b9b42b231900,2017-10-19 00:00:00,T39VVC
Sentinel 2,S2A_MSIL1C_20171019T074941_N0205_R135_T39UVB_20171019T075118,46f4f068-2b2a-471e-aef7-6dd69a90d441,2017-10-19 00:00:00,T39UVB
Sentinel 2,S2A_MSIL1C_20171012T080001_N0205_R035_T39UVB_20171012T080104,eb46181f-dcd6-45b7-859a-42e24c6276b8,2017-10-12 00:00:00,T39UVB
Sentinel 2,S2A_MSIL1C_20171012T080001_N0205_R035_T39UUB_20171012T080104,c3e14d99-86fe-4b0f-9aa6-792768107998,2017-10-12 00:00:00,T39UUB
Sentinel 2,S2A_MSIL1C_20171012T080001_N0205_R035_T39VVC_20171012T080104,c2ec44ee-b052-4556-bc2f-fc16164f1bd8,2017-10-12 00:00:00,T39VVC
Sentinel 2,S2A_MSIL1C_20171012T080001_N0205_R035_T39VUC_20171012T080104,6c2310c9-0fb6-429b-a772-23fa9e07b0e0,2017-10-12 00:00:00,T39VUC
Sentinel 2,S2A_MSIL1C_20170922T080001_N0205_R035_T39VUC_20170922T080000,213894b0-57b1-41cd-b3b5-ae4a042b18f9,2017-09-22 00:00:00,T39VUC
Sentinel 2,S2A_MSIL1C_20170922T080001_N0205_R035_T39UVB_20170922T080000,c0dae6f5-0e04-4df2-8459-16243f6b6cae,2017-09-22 00:00:00,T39UVB
Sentinel 2,S2A_MSIL1C_20170922T080001_N0205_R035_T39VVC_20170922T080000,c5e86bcf-199b-4e1a-a460-dbabb137f9d4,2017-09-22 00:00:00,T39VVC
Sentinel 2,S2A_MSIL1C_20170922T080001_N0205_R035_T39UUB_20170922T080000,c1ac5a0b-db2d-47b0-bbf1-d3e160a3a1fa,2017-09-22 00:00:00,T39UUB
Sentinel 2,S2A_MSIL1C_20170919T074611_N0205_R135_T39UUB_20170919T074607,3bb5cc91-c102-4b6d-8799-4b0831b5fe89,2017-09-19 00:00:00,T39UUB
Sentinel 2,S2A_MSIL1C_20170919T074611_N0205_R135_T39VVC_20170919T074607,8de10c41-3818-4395-9106-3f90e20f2516,2017-09-19 00:00:00,T39VVC
Sentinel 2,S2A_MSIL1C_20170919T074611_N0205_R135_T39UVB_20170919T074607,311da36b-0665-4c52-a524-9781676a0cea,2017-09-19 00:00:00,T39UVB
Sentinel 2,S2B_MSIL1C_20170917T075959_N0205_R035_T39UUB_20170917T075954,9e57da2d-5e9c-4e2b-9406-c02d58f117ed,2017-09-17 00:00:00,T39UUB
Sentinel 2,S2B_MSIL1C_20170917T075959_N0205_R035_T39UVB_20170917T075954,eeff97ee-05d8-4ad7-9fdb-640576f88a31,2017-09-17 00:00:00,T39UVB
Sentinel 2,S2B_MSIL1C_20170917T075959_N0205_R035_T39VVC_20170917T075954,f4dab62d-4ad9-48b1-be72-963fcce60870,2017-09-17 00:00:00,T39VVC
Sentinel 2,S2B_MSIL1C_20170917T075959_N0205_R035_T39VUC_20170917T075954,2fb3fa34-66f5-4932-872f-6f06d56686e8,2017-09-17 00:00:00,T39VUC
Sentinel 2,S2B_MSIL1C_20170914T074929_N0205_R135_T39VVC_20170914T075250,dbc54ccb-c539-46a1-8624-7e6b6d96ec5d,2017-09-14 00:00:00,T39VVC
Sentinel 2,S2B_MSIL1C_20170914T074929_N0205_R135_T39UUB_20170914T075250,410bce1c-0294-42ca-bb27-feb56a1dcb15,2017-09-14 00:00:00,T39UUB
Sentinel 2,S2A_MSIL1C_20170912T075611_N0205_R035_T39UUB_20170912T075950,4da27151-c7f4-4e10-b8dd-da907ea2cfa9,2017-09-12 00:00:00,T39UUB
Sentinel 2,S2A_MSIL1C_20170902T080001_N0205_R035_T39UUB_20170902T080004,2d232ad6-dcdf-48ea-beaa-546a092e5217,2017-09-10 00:00:00,T39UUB
Sentinel 2,S2A_MSIL1C_20170902T080001_N0205_R035_T39UVB_20170902T080004,0b8fb4ca-e6c5-4bec-8189-e47aff2f7a9f,2017-09-10 00:00:00,T39UVB
Sentinel 2,S2A_MSIL1C_20170902T080001_N0205_R035_T39VUC_20170902T080004,e248be98-2be3-4a5f-b2c7-cfbd9411f62b,2017-09-10 00:00:00,T39VUC
Sentinel 2,S2A_MSIL1C_20170902T080001_N0205_R035_T39VVC_20170902T080004,6b080ac5-7edd-4e82-8b3e-9bdd8b4ff014,2017-09-10 00:00:00,T39VVC
Sentinel 2,S2B_MSIL1C_20170828T075959_N0205_R035_T39UVB_20170828T080347,4898668f-0df0-4038-b1e5-2fe6e53a9747,2017-08-29 00:00:00,T39UVB
Sentinel 2,S2B_MSIL1C_20170828T075959_N0205_R035_T39VUC_20170828T080347,fc16a03d-3dc2-4225-8f2a-f1a80cf7abcb,2017-08-29 00:00:00,T39VUC
Sentinel 2,S2B_MSIL1C_20170828T075959_N0205_R035_T39UUB_20170828T080347,13a23316-9773-4da9-83ef-6270c0d53f25,2017-08-29 00:00:00,T39UUB
Sentinel 2,S2A_MSIL1C_20170810T074611_N0205_R135_T39UVB_20170810T074656,f62b2b54-8e6c-42e9-ad43-1fd592b9b29f,2017-08-25 00:00:00,T39UVB
Sentinel 2,S2A_MSIL1C_20170810T074611_N0205_R135_T39UUB_20170810T074656,f86a9f11-35d3-4335-8dc1-a3bc340d00f6,2017-08-24 00:00:00,T39UUB
Sentinel 2,S2A_MSIL1C_20170810T074611_N0205_R135_T39VVC_20170810T074656,bff13821-aa4d-4466-8d22-b3a0f58feacd,2017-08-24 00:00:00,T39VVC
Sentinel 2,S2A_MSIL1C_20170823T075611_N0205_R035_T39UUB_20170823T075837,7b62dee1-bea3-450f-b8b5-144310aeb1ed,2017-08-23 00:00:00,T39UUB
Sentinel 2,S2A_MSIL1C_20170823T075611_N0205_R035_T39VVC_20170823T075837,a3196e76-d0f4-49fd-aae4-225a40c32dd1,2017-08-23 00:00:00,T39VVC
Sentinel 2,S2A_MSIL1C_20170823T075611_N0205_R035_T39VUC_20170823T075837,21b61eda-b900-4619-9157-a259eb328ebb,2017-08-23 00:00:00,T39VUC
Sentinel 2,S2A_MSIL1C_20170823T075611_N0205_R035_T39UVB_20170823T075837,098297b3-99d0-4262-837d-3a46527e8885,2017-08-23 00:00:00,T39UVB
Sentinel 2,S2A_MSIL1C_20170820T074941_N0205_R135_T39VUC_20170820T075301,eb167ef7-91cc-4b76-bef7-f5a413486ac0,2017-08-21 00:00:00,T39VUC
Sentinel 2,S2A_MSIL1C_20170820T074941_N0205_R135_T39VVC_20170820T075301,a3f280e9-24c0-4daa-94e5-d95ea02e1b9a,2017-08-21 00:00:00,T39VVC
Sentinel 2,S2A_MSIL1C_20170820T074941_N0205_R135_T39UVB_20170820T075301,8346282a-0325-43a4-aff5-5757f34b486f,2017-08-21 00:00:00,T39UVB
Sentinel 2,S2A_MSIL1C_20170813T080011_N0205_R035_T39VVC_20170813T080006,88544335-3f70-4a9a-8eff-2bc8286c503a,2017-08-20 00:00:00,T39VVC
Sentinel 2,S2A_MSIL1C_20170813T080011_N0205_R035_T39UUB_20170813T080006,9eebe918-61e8-40bc-ab30-220bbc405917,2017-08-20 00:00:00,T39UUB
Sentinel 2,S2A_MSIL1C_20170813T080011_N0205_R035_T39VUC_20170813T080006,6752a27c-b38b-47c8-8ec0-affd8e287b55,2017-08-20 00:00:00,T39VUC
Sentinel 2,S2A_MSIL1C_20170813T080011_N0205_R035_T39UVB_20170813T080006,f8759f51-dc65-4e0d-8a3f-09dbe5c0ca94,2017-08-20 00:00:00,T39UVB
Sentinel 2,S2B_MSIL1C_20170818T075609_N0205_R035_T39UUB_20170818T075606,92d6d9c7-9377-43b3-acde-8f6286a43612,2017-08-18 00:00:00,T39UUB
Sentinel 2,S2B_MSIL1C_20170818T075609_N0205_R035_T39VVC_20170818T075606,c36e3f2c-86db-4df9-a506-fbf8ca57193c,2017-08-18 00:00:00,T39VVC
Sentinel 2,S2B_MSIL1C_20170818T075609_N0205_R035_T39VUC_20170818T075606,ca455967-8a89-42b3-9e05-69c80e7c3d61,2017-08-18 00:00:00,T39VUC
Sentinel 2,S2B_MSIL1C_20170818T075609_N0205_R035_T39UVB_20170818T075606,a6a07c7d-342a-4206-a036-eefbcee7a076,2017-08-18 00:00:00,T39UVB
Sentinel 2,S2A_MSIL1C_20170731T074941_N0205_R135_T39UUB_20170731T075301,6ea8166a-7d7e-4208-b4ee-c2eb7f72b6a5,2017-07-31 00:00:00,T39UUB
Sentinel 2,S2A_MSIL1C_20170731T074941_N0205_R135_T39VUC_20170731T075301,01c6a6cc-aef9-4797-8d0f-fdffd6e3b1da,2017-07-31 00:00:00,T39VUC
Sentinel 2,S2A_MSIL1C_20170731T074941_N0205_R135_T39VVC_20170731T075301,765324f9-be64-4166-a524-cad91d80da7c,2017-07-31 00:00:00,T39VVC
Sentinel 2,S2A_MSIL1C_20170731T074941_N0205_R135_T39UVB_20170731T075301,9f4d686a-fc6e-4374-afe3-f712041b088c,2017-07-31 00:00:00,T39UVB
Sentinel 2,S2B_MSIL1C_20170729T075609_N0205_R035_T39UVB_20170729T080158,30173139-ff9f-4b23-8a13-3f82b8196213,2017-07-30 00:00:00,T39UVB
Sentinel 2,S2B_MSIL1C_20170729T075609_N0205_R035_T39VUC_20170729T080158,e51e61b0-4caf-47de-acb4-16ea73b60455,2017-07-30 00:00:00,T39VUC
Sentinel 2,S2B_MSIL1C_20170729T075609_N0205_R035_T39UUB_20170729T080158,de62b634-e455-47e2-b452-d716d051f244,2017-07-29 00:00:00,T39UUB
Sentinel 2,S2B_MSIL1C_20170729T075609_N0205_R035_T39VVC_20170729T080158,64ab720f-9a01-4798-adaf-e205ad9779b7,2017-07-29 00:00:00,T39VVC
Sentinel 2,S2B_MSIL1C_20170726T074609_N0205_R135_T39UUB_20170726T074622,bccf5fe2-c534-479b-8cb1-9d482d153e32,2017-07-26 00:00:00,T39UUB
Sentinel 2,S2B_MSIL1C_20170726T074609_N0205_R135_T39UVB_20170726T074622,91191341-3029-4989-8584-89569f6860bc,2017-07-26 00:00:00,T39UVB
Sentinel 2,S2A_MSIL1C_20170724T080011_N0205_R035_T39UVB_20170724T080006,611efa82-085d-4614-bb44-a7ee665b738b,2017-07-24 00:00:00,T39UVB
Sentinel 2,S2B_MSIL1C_20170719T080009_N0205_R035_T39VVC_20170719T080005,d2250f5e-ccc3-4a70-a853-d42afeaed3f7,2017-07-20 00:00:00,T39VVC
Sentinel 2,S2B_MSIL1C_20170719T080009_N0205_R035_T39UVB_20170719T080005,602bc31a-8738-4852-901b-498a49e02f5f,2017-07-20 00:00:00,T39UVB
Sentinel 2,S2B_MSIL1C_20170719T080009_N0205_R035_T39VUC_20170719T080005,d15c96d2-38c6-4b2e-914c-8c3a3ba17cbe,2017-07-20 00:00:00,T39VUC
Sentinel 2,S2B_MSIL1C_20170719T080009_N0205_R035_T39UUB_20170719T080005,64ec9e37-a2f1-4441-b5e6-267861917d13,2017-07-20 00:00:00,T39UUB
Sentinel 2,S2A_MSIL1C_20170714T075611_N0205_R035_T39UUB_20170714T075812,ee7f4561-e120-404a-89c4-940abfa2c63f,2017-07-14 00:00:00,T39UUB
Sentinel 2,S2A_MSIL1C_20170714T075611_N0205_R035_T39UVB_20170714T075812,715a98d0-d4fe-4ddc-9c08-720fc83f9f90,2017-07-14 00:00:00,T39UVB
Sentinel 2,S2A_MSIL1C_20170714T075611_N0205_R035_T39VVC_20170714T075812,fe36a293-a0ac-45da-a51f-eb7d38bc6fc3,2017-07-14 00:00:00,T39VVC
Sentinel 2,S2A_MSIL1C_20170714T075611_N0205_R035_T39VUC_20170714T075812,e7468440-71b6-4229-9375-77858a6b73fa,2017-07-14 00:00:00,T39VUC
Sentinel 2,S2A_MSIL1C_20170711T074941_N0205_R135_T39UUB_20170711T075300,7889b5e8-1df2-478b-8be8-f8bf21e50b40,2017-07-12 00:00:00,T39UUB
Sentinel 2,S2A_MSIL1C_20170711T074941_N0205_R135_T39VVC_20170711T075300,c5c57446-c212-48c6-b613-7cd915e30029,2017-07-12 00:00:00,T39VVC
Sentinel 2,S2A_MSIL1C_20170711T074941_N0205_R135_T39UVB_20170711T075300,230bb6f0-0a8d-49fb-a9d9-6af3292ff777,2017-07-11 00:00:00,T39UVB
Sentinel 2,S2A_MSIL1C_20170704T080001_N0205_R035_T39UVB_20170704T080004,f601208d-789d-4690-9969-632f3143b505,2017-07-04 00:00:00,T39UVB
Sentinel 2,S2A_MSIL1C_20170704T080001_N0205_R035_T39VVC_20170704T080004,69d8b377-8f17-4df9-94ab-3a3f480d7981,2017-07-04 00:00:00,T39VVC
Sentinel 2,S2A_MSIL1C_20170704T080001_N0205_R035_T39VUC_20170704T080004,efc4ec0e-1816-4c91-a76b-72aae41d3a03,2017-07-04 00:00:00,T39VUC
Sentinel 2,S2A_MSIL1C_20170704T080001_N0205_R035_T39UUB_20170704T080004,a0d82ddd-01a4-4403-a00b-d8c841d238b6,2017-07-04 00:00:00,T39UUB
Sentinel 2,S2A_MSIL1C_20170624T075611_N0205_R035_T39VVC_20170624T075954,3dc3d610-ed81-4382-957d-d10da3a6736a,2017-06-24 00:00:00,T39VVC
Sentinel 2,S2A_MSIL1C_20170624T075611_N0205_R035_T39VUC_20170624T075954,a3f9e2b2-ee53-4590-a07d-40582ddb6e58,2017-06-24 00:00:00,T39VUC
Sentinel 2,S2A_MSIL1C_20170614T080011_N0205_R035_T39VUC_20170614T080005,6fe055df-2f68-4efd-a761-2c1cee00df98,2017-06-14 00:00:00,T39VUC
Sentinel 2,S2A_MSIL1C_20170614T080011_N0205_R035_T39VVC_20170614T080005,615deb00-10d6-4834-bc07-618f4f24ba94,2017-06-14 00:00:00,T39VVC
Sentinel 2,S2A_MSIL1C_20170614T080011_N0205_R035_T39UVB_20170614T080005,941ce63f-c90e-4440-a15e-06b4b8410746,2017-06-14 00:00:00,T39UVB
Sentinel 2,S2A_MSIL1C_20170614T080011_N0205_R035_T39UUB_20170614T080005,2f50764a-a451-426c-8a89-d6cb6c4615e5,2017-06-14 00:00:00,T39UUB
Sentinel 2,S2A_MSIL1C_20170611T074611_N0205_R135_T39UUB_20170611T074959,5b76a9f2-11b4-447a-8eb2-a5beab4baf45,2017-06-14 00:00:00,T39UUB
Sentinel 2,S2A_MSIL1C_20170525T080011_N0205_R035_T39UUB_20170525T080008,11ba6068-0a0c-4826-b153-c5db297f55b2,2017-05-25 00:00:00,T39UUB
Sentinel 2,S2A_MSIL1C_20170525T080011_N0205_R035_T39UVB_20170525T080008,4d6bde9b-62c9-480c-946a-5fed37ba3ca2,2017-05-25 00:00:00,T39UVB
Sentinel 2,S2A_MSIL1C_20170525T080011_N0205_R035_T39VUC_20170525T080008,2591b8a2-3b6b-4bdb-a8d1-cd3a86ac5fda,2017-05-25 00:00:00,T39VUC
Sentinel 2,S2A_MSIL1C_20170515T075611_N0205_R035_T39UUB_20170515T075757,8081f77d-c702-4ed8-919c-a38a82c76c25,2017-05-15 00:00:00,T39UUB
Sentinel 2,S2A_MSIL1C_20170515T075611_N0205_R035_T39UVB_20170515T075757,3c6b897b-647a-4a0d-bee1-cb929ad24441,2017-05-15 00:00:00,T39UVB
Sentinel 2,S2A_MSIL1C_20170512T074941_N0205_R135_T39UVB_20170512T075303,fa39e7ba-136c-4d53-9c88-c92703350428,2017-05-15 00:00:00,T39UVB
Sentinel 2,S2A_MSIL1C_20170502T074611_N0205_R135_T39VVC_20170502T074844,1e4656ce-04ba-4ff6-af97-821fc47e23e5,2017-05-02 00:00:00,T39VVC
Sentinel 2,S2A_MSIL1C_20170502T074611_N0205_R135_T39UVB_20170502T074844,206eab4c-8d09-4779-83d2-c6e0eb9187fb,2017-05-02 00:00:00,T39UVB
Sentinel 2,S2A_MSIL1C_20170502T074611_N0205_R135_T39VUC_20170502T074844,6ea9ec29-31fe-43c5-8019-3f007ec5b2ec,2017-05-02 00:00:00,T39VUC
Sentinel 2,S2A_MSIL1C_20170502T074611_N0205_R135_T39UUB_20170502T074844,aa53d4cb-3779-404a-b60a-5361bc425cde,2017-05-02 00:00:00,T39UUB
Sentinel 2,S2A_MSIL1C_20170412T074611_N0204_R135_T39UVB_20170412T074610,84f876a7-7639-4c12-9e8a-2ae5c9afc5ae,2017-04-12 00:00:00,T39UVB
Sentinel 2,S2A_MSIL1C_20170412T074611_N0204_R135_T39VVC_20170412T074610,f9f62786-0cdb-4fc6-bed7-7f9c62b0ac24,2017-04-12 00:00:00,T39VVC
Sentinel 2,S2A_MSIL1C_20170412T074611_N0204_R135_T39VUC_20170412T074610,42309a0b-7465-4a41-9ae6-461bda009cb3,2017-04-12 00:00:00,T39VUC
Sentinel 2,S2A_MSIL1C_20170412T074611_N0204_R135_T39UUB_20170412T074610,9568863b-ce3f-47bf-8747-eeddab200670,2017-04-12 00:00:00,T39UUB
Sentinel 2,S2A_MSIL1C_20170405T075611_N0204_R035_T39VVC_20170405T075921,89284347-5662-402c-a0aa-c32522e8313b,2017-04-05 00:00:00,T39VVC
Sentinel 2,S2A_MSIL1C_20170316T075651_N0204_R035_T39UUB_20170316T075645,4c11d61e-311f-4431-9655-614b0322a35e,2017-03-16 00:00:00,T39UUB
Sentinel 2,S2A_MSIL1C_20170316T075651_N0204_R035_T39VUC_20170316T075645,296dd197-9aa3-46e8-9a68-da03a60a4c12,2017-03-16 00:00:00,T39VUC
Sentinel 2,S2A_MSIL1C_20170316T075651_N0204_R035_T39VVC_20170316T075645,720d8570-dda6-4160-9714-d532755cef98,2017-03-16 00:00:00,T39VVC
Sentinel 2,S2A_MSIL1C_20170316T075651_N0204_R035_T39UVB_20170316T075645,d5f86370-d03f-42c2-a6e4-0d7981be1226,2017-03-16 00:00:00,T39UVB
Sentinel 2,S2A_MSIL1C_20170125T080211_N0204_R035_T39VVC_20170125T080209,e715c49d-aae0-440d-ac46-7f3ecfdc05d4,2017-01-25 00:00:00,T39VVC
Sentinel 2,S2A_MSIL1C_20170125T080211_N0204_R035_T39VUC_20170125T080209,4f6d2a20-d30d-4f9f-afae-b33d62ace036,2017-01-25 00:00:00,T39VUC
Sentinel 2,S2A_MSIL1C_20170125T080211_N0204_R035_T39UVB_20170125T080209,1a8683b9-f1d3-4af3-9948-d8dcbff56e60,2017-01-25 00:00:00,T39UVB
Sentinel 2,S2A_MSIL1C_20170125T080211_N0204_R035_T39UUB_20170125T080209,1f79e3e3-ec99-41cc-a6e3-d57d85e09bbd,2017-01-25 00:00:00,T39UUB
Sentinel 2,S2A_MSIL1C_20170204T080121_N0204_R035_T39UUB_20170204T080310,b9cd4d05-2ea1-4885-8281-22648af2d4f1,2017-02-04 00:00:00,T39UUB
Sentinel 2,S2A_MSIL1C_20170204T080121_N0204_R035_T39VUC_20170204T080310,1e402f42-4ef0-4c85-93ff-98ba86768b93,2017-02-04 00:00:00,T39VUC
Sentinel 2,S2A_MSIL1C_20170204T080121_N0204_R035_T39VVC_20170204T080310,a5935ee7-fd6b-4fa9-b71c-61cd97b2268a,2017-02-04 00:00:00,T39VVC
Sentinel 2,S2A_MSIL1C_20170204T080121_N0204_R035_T39UVB_20170204T080310,2a8a963a-c6ff-4cd9-a949-95c26bb90e73,2017-02-04 00:00:00,T39UVB
Sentinel 2,S2A_MSIL1C_20170211T075031_N0204_R135_T39VVC_20170211T075032,2748edb4-2c69-4ace-8129-60439a496abb,2017-02-11 00:00:00,T39VVC
Sentinel 2,S2A_MSIL1C_20170211T075031_N0204_R135_T39UVB_20170211T075032,9ddeac30-d240-42dd-9db7-d158acc7f0c7,2017-02-11 00:00:00,T39UVB
